Date,Open,High,Low,Close,Volume
,1155.KL,1155.KL,1155.KL,1155.KL,1155.KL
2020-09-01,5.336279423272432,5.358060308220914,5.176554203033447,5.176554203033447,19526600
2020-09-02,5.183813866330544,5.278197116815826,5.183813866330544,5.263676643371582,7398100
2020-09-03,5.270937667703192,5.270937667703192,5.227375896096421,5.234636306762695,4961000
2020-09-04,5.227375896096421,5.249156781899807,5.1983349458221975,5.234636306762695,6149300
2020-09-07,5.2346356098349665,5.285457439146271,5.2346356098349665,5.270936965942383,1429400
2020-09-08,5.270937116857385,5.445182800292969,5.249156233330237,5.445182800292969,5498200
2020-09-09,5.32901875940422,5.408881187438965,5.270936867671539,5.408881187438965,4626500
2020-09-10,5.372580432194809,5.445182800292969,5.321758601428397,5.445182800292969,5789800
2020-09-11,5.401621124070071,5.430662069936411,5.299977813537879,5.408881187438965,3209500
2020-09-14,5.40162140049394,5.40162140049394,5.285457611083984,5.285457611083984,4748400
2020-09-15,5.285457590477017,5.445182800292969,5.285457590477017,5.445182800292969,3871600
2020-09-17,5.445182327133588,5.445182327133588,5.321758138993967,5.350799083709717,3104800
2020-09-18,5.343540043388753,5.372580993662977,5.234636306762695,5.234636306762695,17629700
2020-09-21,5.249155651969665,5.263676123981109,5.220114707946777,5.220114707946777,6548200
2020-09-22,5.220115443423803,5.263676865595628,5.220115443423803,5.227375507354736,5544200
2020-09-23,5.234635485359541,5.249155958218144,5.191074066783731,5.205594539642334,5249800
2020-09-24,5.227375828714356,5.234636239287041,5.147513389587402,5.147513389587402,9661400
2020-09-25,5.169293537882515,5.191074421757522,5.140252590179443,5.140252590179443,4508000
2020-09-28,5.154773235321045,5.1838141839891305,5.140252760987003,5.154773235321045,6190600
2020-09-29,5.169293270868538,5.263676519125966,5.162033207415482,5.198334217071533,6187200
2020-09-30,5.220115138941401,5.249156085362031,5.191074192520771,5.24189567565918,4470000
2020-10-01,5.23463574568191,5.24189580937457,5.169293441470982,5.212854862213135,2775500
2020-10-02,5.205594499292846,5.205594499292846,5.154772671583972,5.1620330810546875,3509900
2020-10-05,5.162033816153441,5.2128553049041635,5.162033816153441,5.1692938804626465,3981700
2020-10-06,5.176553291912446,5.234635179958222,5.176553291912446,5.220114707946777,4820300
2020-10-07,5.220115542921946,5.227375606991259,5.154773235321045,5.154773235321045,5831100
2020-10-08,5.205595001178802,5.299978256225586,5.162033578740766,5.299978256225586,3918200
2020-10-09,5.270937678920343,5.3725810050964355,5.227375907220867,5.3725810050964355,4985700
2020-10-12,5.350799866725176,5.358060277064259,5.256416609489624,5.336279392242432,3319800
2020-10-13,5.299978379133279,5.365320341207922,5.263677019828706,5.336279392242432,2713500
2020-10-14,5.336279583249358,5.336279583249358,5.2564167976379395,5.2564167976379395,5620800
2020-10-15,5.256416846370645,5.278197732174031,5.227375896096421,5.234636306762695,3230200
2020-10-16,5.241895856226948,5.2491562661799,5.191074371337891,5.191074371337891,4176100
2020-10-19,5.191074495309254,5.285457749779246,5.191074495309254,5.227375507354736,2292300
2020-10-20,5.23463574568191,5.28545757631212,5.212854862213135,5.212854862213135,2320300
2020-10-21,5.2564163299374504,5.2564163299374504,5.191074371337891,5.191074371337891,6517500
2020-10-22,5.19833431186932,5.205594721650164,5.125731945037842,5.125731945037842,17817000
2020-10-23,5.140252590179443,5.176553947905986,5.132992526351377,5.140252590179443,3756300
2020-10-26,5.147513000202913,5.16203347405445,5.132992526351377,5.140252590179443,2877600
2020-10-27,5.140252808582338,5.162033693382787,5.132992744445801,5.132992744445801,5987300
2020-10-28,5.140252808582338,5.15477328305083,5.125732334113845,5.132992744445801,2926000
2020-10-30,5.132992315945038,5.1475127892013655,5.082170486450195,5.082170486450195,8677900
2020-11-02,5.082170875576388,5.10395176022627,5.053129926840156,5.089431285858154,4829300
2020-11-03,5.089430896176054,5.111211432962851,5.060389603468009,5.082170486450195,6801700
2020-11-04,5.096690959706524,5.1475127892013655,5.074910076724336,5.082170486450195,2220100
2020-11-05,5.103951578648306,5.140252590179443,5.096691168624835,5.140252590179443,4913900
2020-11-06,5.140252494309547,5.220115272101192,5.1257320207288295,5.212854862213135,5184100
2020-11-09,5.2128553049041635,5.2709375503549465,5.132992866525763,5.1692938804626465,4107900
2020-11-10,5.2491561782692395,5.561346530914307,5.2491561782692395,5.561346530914307,30397300
2020-11-11,5.561346614998718,5.583127498626709,5.408881468188978,5.583127498626709,11143500
2020-11-12,5.5758673772430685,5.6992915830664295,5.517785479489821,5.662990570068359,17048000
2020-11-13,5.626688600374675,5.757372856140137,5.561346299394254,5.757372856140137,10653600
2020-11-16,5.757372718897141,5.917097916580766,5.684770356313675,5.9098381996154785,12784100
2020-11-17,5.938880035738762,6.062304243747332,5.924359214847943,6.026002883911133,15747400
2020-11-18,6.0260028059853346,6.0260028059853346,5.895318189221316,5.975180625915527,13471400
2020-11-19,5.946139476798865,5.946139476798865,5.8081951467163115,5.880797863006592,9308600
2020-11-20,5.866276949603839,5.982440739910322,5.82271587443431,5.92435884475708,6936600
2020-11-23,5.8880575807229665,5.917098528760915,5.844496504861452,5.880797863006592,7869700
2020-11-24,5.880797816124714,5.946139429396081,5.880797816124714,5.902578353881836,7592700
2020-11-25,5.917097655647251,5.982439952188577,5.902577529966242,5.967919826507568,9645100
2020-11-26,5.953399745567147,5.953399745567147,5.90983867073981,5.946139335632324,3544300
2020-11-27,5.946139369522741,6.062303851969594,5.895317884470921,6.018742084503174,9378500
2020-11-30,6.018742762179555,6.0260031729732395,5.735593318939209,5.735593318939209,17430800
2020-12-01,5.822715828694336,5.982440692915638,5.822715828694336,5.946139335632324,6811600
2020-12-02,5.967921506863272,6.026003410722548,5.924359732773361,6.004222869873047,9443700
2020-12-03,6.004222344965752,6.047783422856512,5.793674942589388,6.026002883911133,7955200
2020-12-04,6.026002371704335,6.0550433186266615,5.953399658203125,5.953399658203125,4875200
2020-12-07,5.975181225552499,6.026003410722548,5.975181225552499,6.004222869873047,2824900
2020-12-08,6.0042217006480385,6.018741827589843,5.967920344707366,5.98244047164917,3306500
2020-12-09,5.996962136533202,6.113125938009441,5.953400364784177,6.084084987640381,8833200
2020-12-10,6.098605116629475,6.171207838747559,6.084084987640381,6.084084987640381,7790900
2020-12-11,6.098604254527359,6.497917784947897,6.098604254527359,6.468876838684082,26438900
2020-12-14,6.46887740324773,6.541480121438973,6.381754556852742,6.4616169929504395,7556400
2020-12-15,6.425316333770752,6.483398231435435,6.374494154021027,6.425316333770752,7052400
2020-12-16,6.476137475415501,6.534219369979612,6.367234096205494,6.396275043487549,10156600
2020-12-17,6.422080579407397,6.44420006295021,6.348348030043747,6.414707183837891,4314300
2020-12-18,6.414708312900519,6.414708312900519,6.200884725909363,6.237751007080078,9748200
2020-12-21,6.23775015397116,6.252496242523193,6.156644909020646,6.252496242523193,3251900
2020-12-22,6.223003891996737,6.223003891996737,6.090286271067705,6.193511009216309,4354300
2020-12-23,6.15664625409843,6.281991198421336,6.119779969915361,6.259871006011963,3664800
2020-12-24,6.259870143391164,6.296736422493997,6.200884378092946,6.22300386428833,2088500
2020-12-28,6.2303770805541845,6.370468796460221,6.2303770805541845,6.296736240386963,1905500
2020-12-29,6.296736688401566,6.333602969061241,6.281990598037186,6.326229572296143,2295900
2020-12-30,6.304110148805608,6.340976429837443,6.267243867773774,6.318856239318848,2955500
2020-12-31,6.333603056857608,6.333603056857608,6.237751007080078,6.237751007080078,4648700
2021-01-04,6.245123460713822,6.252496153301768,6.14189802965966,6.156644821166992,4278900
2021-01-05,6.149272407396848,6.164018498093276,6.0534203567896405,6.127152919769287,5386900
2021-01-06,6.127152181221875,6.156645062225589,6.046046231087351,6.0755391120910645,4014500
2021-01-07,6.046046205406205,6.105031967163086,5.928074681892444,6.105031967163086,13503300
2021-01-08,6.075539478094595,6.193511009216309,5.9723147399459915,6.193511009216309,9074600
2021-01-11,6.105032565146666,6.105032565146666,5.979687633344412,6.038673400878906,11171200
2021-01-12,6.009180112548734,6.0165535087855915,5.8838355407681036,5.8985819816589355,11813300
2021-01-13,5.891209201699114,6.149272471658895,5.883836156273849,6.119779586791992,10369600
2021-01-14,6.119778545564382,6.23037666920649,6.082912269961773,6.156644821166992,6579300
2021-01-15,6.149272084469196,6.149272084469196,6.06816612881768,6.082912921905518,4000100
2021-01-18,6.075539217871827,6.075539217871827,5.9575676918029785,5.9575676918029785,4324100
2021-01-19,5.972314834594727,6.082912970982635,5.95756804138791,5.972314834594727,5366400
2021-01-20,5.972314898299489,6.082913035867112,5.964941501617432,5.964941501617432,7817100
2021-01-21,5.979687620518484,6.016553900939922,5.93544864654541,5.93544864654541,4667700
2021-01-22,5.942821655914315,6.001807419477643,5.8985819816589355,5.8985819816589355,6342400
2021-01-25,5.898581578909469,5.913328370376288,5.810102939605713,5.810102939605713,9196100
2021-01-26,5.861716552978043,5.9133296309487955,5.765864849090576,5.765864849090576,7729900
2021-01-27,5.787983642210352,5.869089244905532,5.780610597374186,5.802730083465576,8484000
2021-01-29,5.8027303651896265,5.861716133074298,5.743744597304955,5.758491039276123,13896200
2021-02-02,5.810103254326539,5.913328690688614,5.773236976828244,5.787983417510986,6448200
2021-02-03,5.824850054284883,5.9428219386061825,5.8174766576972825,5.854342937469482,9579700
2021-02-04,5.861715594431285,5.891208475663469,5.8101032280664,5.817476272583008,5076300
2021-02-05,5.824850110796172,5.854342994266905,5.773237388930938,5.7953572273254395,5408600
2021-02-08,5.810103027616169,5.861715392200412,5.7732367515563965,5.7732367515563965,5252200
2021-02-09,5.78798311718456,5.876461756690041,5.7806100730172005,5.861715316772461,5365000
2021-02-10,5.876461707533823,5.9575673021935005,5.876461707533823,5.920701026916504,7475100
2021-02-11,5.942822391829276,5.957568482963271,5.861716429511815,5.883836269378662,3390100
2021-02-15,5.920701859514953,6.016553907448048,5.898582372504489,5.987061023712158,4748800
2021-02-16,5.9944338168466045,6.031300093595785,5.9944338168466045,6.00180721282959,4177400
2021-02-17,6.00180778186191,6.00180778186191,5.913329131174649,5.964941501617432,7644900
2021-02-18,5.950194211505832,5.964941003638822,5.846969127655029,5.846969127655029,9704700
2021-02-19,5.85434222363391,5.920701026916504,5.83222238815114,5.920701026916504,5579100
2021-02-22,5.898581592357842,5.913328383858283,5.861715316772461,5.861715316772461,4627200
2021-02-23,5.86908899053077,5.913328663961924,5.817476272583008,5.817476272583008,9613100
2021-02-24,5.8322227131991005,5.972314426426293,5.817476272583008,5.817476272583008,12885600
2021-02-25,5.861716057566055,6.009180475378157,5.861716057566055,5.964941501617432,16263400
2021-02-26,5.979686786093413,6.0607927323359485,5.898581543016592,5.920701026916504,20831500
2021-03-01,5.9501946729952655,6.023927233047316,5.935448582884338,5.942821979522705,9984200
2021-03-02,5.979687177149447,6.03130024717889,5.9428216026272525,5.9575676918029785,8240500
2021-03-03,5.9723143320633945,6.016553301629815,5.957567540097425,6.00180721282959,9817100
2021-03-04,6.00180776025474,6.097659807278981,5.972314876798498,6.046046733856201,11990300
2021-03-05,6.075539035412662,6.164017677307129,6.038672758831866,6.164017677307129,9727800
2021-03-08,6.178765209654557,6.3409764241496305,6.171391812821639,6.2672438621521,13686100
2021-03-09,6.2819906558179355,6.311483539983783,6.230377581153334,6.2672438621521,9520000
2021-03-10,6.267243358590814,6.333602518423592,6.267243358590814,6.296736240386963,7239100
2021-03-11,6.304109573364258,6.340975851030925,6.281990088030562,6.304109573364258,7219000
2021-03-12,6.326229333311133,6.326229333311133,6.193511009216309,6.193511009216309,7715100
2021-03-15,6.2303767581122775,6.30410931036964,6.223003362253395,6.252496242523193,7028600
2021-03-16,6.252496242523193,6.296735914510758,6.2303767581122775,6.252496242523193,3370300
2021-03-17,6.223003273452824,6.23037666920649,6.156644821166992,6.156644821166992,6161200
2021-03-18,6.171391010284424,6.215630682363112,6.164017614410354,6.171391010284424,7584300
2021-03-19,6.18613869387311,6.223004272226816,6.164018503061886,6.178765296936035,12600300
2021-03-22,6.178764911267969,6.186138307744809,6.1418986320495605,6.1418986320495605,4025800
2021-03-23,6.149272437133101,6.156645834099889,6.097660064697266,6.097660064697266,3471100
2021-03-24,6.097659300218162,6.112405389137144,6.0607930231720815,6.0755391120910645,5975900
2021-03-25,6.090286446046122,6.112405932975505,6.068166255950928,6.068166255950928,4579300
2021-03-26,6.075539525361599,6.105032408371478,6.053420038895638,6.082912921905518,5856200
2021-03-29,6.082913246251565,6.193511387644351,6.082913246251565,6.178765296936035,3973500
2021-03-30,6.186138315895545,6.245124081456402,6.149272036628562,6.193511009216309,6302800
2021-03-31,6.193511057401118,6.237750733498835,6.053420038895638,6.082912921905518,12314000
2021-04-01,6.0902863184494365,6.134525291381358,6.06816612881768,6.082912921905518,5909200
2021-04-02,6.097659714993356,6.105032408371478,6.06816612881768,6.082912921905518,4477000
2021-04-05,6.090286200152825,6.1713914510631716,6.090286200152825,6.1492719650268555,1791200
2021-04-06,6.156645804327979,6.156645804327979,6.097660035210595,6.127152919769287,3771700
2021-04-07,6.1492715131617635,6.252496242523193,6.119778632891965,6.252496242523193,5912500
2021-04-08,6.193510609798406,6.215630797831546,6.105031967163086,6.105031967163086,8152000
2021-04-09,6.112405776977539,6.134525263342399,6.097659687122897,6.112405776977539,4045100
2021-04-12,6.119778733440794,6.1640177029894785,6.097659248666451,6.134524822235107,7651200
2021-04-13,6.134524822235107,6.156645010175193,6.127152129420822,6.134524822235107,3358300
2021-04-14,6.156645804327979,6.186138688886671,6.119779522838155,6.127152919769287,4923600
2021-04-15,6.127152983800178,6.156645868667081,6.10503279277562,6.119779586791992,5653200
2021-04-16,6.119778759185179,6.119778759185179,6.0976592743177855,6.105031967163086,4849100
2021-04-19,6.105031967163086,6.119778759185179,6.082912482295693,6.105031967163086,4344400
2021-04-20,6.1050327289758926,6.178765291955539,6.090286638279464,6.127152919769287,6040200
2021-04-21,6.119779586791992,6.141899074650709,6.10503279277562,6.119779586791992,2988800
2021-04-22,6.119778759185179,6.141898244052572,6.0976592743177855,6.105031967163086,3373100
2021-04-23,6.105031866659244,6.112405262548907,6.082912382155992,6.090285778045654,6875400
2021-04-26,6.0976592232605835,6.164017677307129,6.08291243136197,6.164017677307129,6291500
2021-04-27,6.156644934721146,6.156644934721146,6.082912382155992,6.090285778045654,7047700
2021-04-28,6.097659714993356,6.112405804915397,6.075539525361599,6.082912921905518,6723000
2021-04-30,6.090286446046122,6.112405932975505,6.068166255950928,6.068166255950928,9533600
2021-05-03,6.0681664768301165,6.105032758498216,6.053420386062379,6.097660064697266,2145800
2021-05-04,6.097659300218162,6.112405389137144,6.068165716048698,6.0755391120910645,4962700
2021-05-05,6.082912470819134,6.09028586681627,6.053419589996338,6.053419589996338,4564100
2021-05-06,6.0607935624183416,6.075539652649326,6.016553885393765,6.068166255950928,5176100
2021-05-07,6.08291250813343,6.105031993094778,6.046046231087351,6.0755391120910645,1872500
2021-05-10,6.068165716048698,6.090285904175795,6.0607930231720815,6.0755391120910645,3097200
2021-05-11,6.060793591078703,6.075539681379419,6.02392731057819,6.038673400878906,3566700
2021-05-12,6.038672798002068,6.082912470819134,6.031300105170677,6.053419589996338,4726000
2021-05-17,6.10503279277562,6.156645868667081,6.097660098933275,6.119779586791992,9066100
2021-05-18,6.127152389067822,6.193510846202886,6.119778992775336,6.186138153076172,5955900
2021-05-19,6.186137916953106,6.193510609798406,6.075539086284645,6.105031967163086,7296500
2021-05-20,6.105032758498216,6.156645834099889,6.090286667730478,6.097660064697266,5620400
2021-05-21,6.097659300218162,6.1418982701408575,6.0607930231720815,6.0755391120910645,6898000
2021-05-24,6.097659596553524,6.1713914510631716,6.097659596553524,6.1492719650268555,7530500
2021-05-25,6.1492720285264,6.1640181183142895,6.1418986320495605,6.1418986320495605,6553800
2021-05-27,6.186138307744809,6.1935110010558585,6.1418986320495605,6.1418986320495605,28611100
2021-05-28,6.184416658922909,6.354488323470465,6.1689556320204,6.339026927947998,22509100
2021-05-31,6.261721855349574,6.32356595993042,6.261721855349574,6.32356595993042,6539300
2021-06-01,6.30810487414298,6.354488323470465,6.284913518099196,6.339026927947998,5763500
2021-06-02,6.339026336227417,6.416331832143788,6.331295639187811,6.369948387145996,8132100
2021-06-03,6.369948981753017,6.393141075036716,6.323566269665448,6.339026927947998,4994700
2021-06-04,6.354488226900471,6.354488226900471,6.308104778277881,6.315835475921631,7168500
2021-06-08,6.331296230186765,6.37767967951425,6.315835571904214,6.339026927947998,9830400
2021-06-09,6.331296230186765,6.3622182839917825,6.315835571904214,6.339026927947998,4842300
2021-06-10,6.331295920073115,6.354488012220842,6.3081045651652685,6.32356595993042,4762200
2021-06-11,6.346757314838267,6.354488012220842,6.3081045651652685,6.32356595993042,4793400
2021-06-14,6.339027619380831,6.369949676558689,6.323566959411901,6.331296920776367,6609300
2021-06-15,6.3622182839917825,6.369948981753017,6.331296230186765,6.339026927947998,6900700
2021-06-16,6.339026831612973,6.354488226900471,6.315835475921631,6.315835475921631,7760600
2021-06-17,6.3622181873043155,6.3622181873043155,6.308104778277881,6.315835475921631,6170200
2021-06-18,6.315835571904214,6.354488323470465,6.30810487414298,6.339026927947998,11846400
2021-06-21,6.32356595993042,6.331295920073115,6.300373867782692,6.32356595993042,3995600
2021-06-22,6.323566269665448,6.354488323470465,6.323566269665448,6.339026927947998,5855400
2021-06-23,6.339026927947998,6.346757625709232,6.323566269665448,6.339026927947998,4422800
2021-06-24,6.346757625709232,6.354488323470465,6.331296230186765,6.339026927947998,5110600
2021-06-25,6.339027619380831,6.346758317985294,6.308105562202973,6.331296920776367,3132700
2021-06-28,6.323566076756964,6.33129603704247,6.277182628844466,6.292644023895264,5188900
2021-06-29,6.277182365847812,6.300373720212461,6.277182365847812,6.284913063049316,6639200
2021-06-30,6.284913490486275,6.308104846428168,6.2617221345443825,6.269452095031738,9913200
2021-07-01,6.269452095031738,6.323566241882705,6.269452095031738,6.269452095031738,5707500
2021-07-02,6.269452095031738,6.300374148700899,6.2617221345443825,6.269452095031738,3792200
2021-07-05,6.277182365847812,6.284913063049316,6.253991011483164,6.284913063049316,4517300
2021-07-06,6.284912486422685,6.300373142167349,6.261721134185791,6.261721134185791,5398800
2021-07-07,6.261721726642627,6.269451686626437,6.230799674987793,6.230799674987793,6667600
2021-07-08,6.230799838403553,6.238529798590097,6.184416391084867,6.207607746124268,5489500
2021-07-09,6.207607565514004,6.284913063049316,6.207607565514004,6.284913063049316,4149500
2021-07-12,6.3003737382812695,6.3003737382812695,6.223068977764119,6.230799674987793,4046500
2021-07-13,6.238529634971603,6.277182383850111,6.223068977764119,6.230799674987793,2969800
2021-07-14,6.238529848716201,6.253991243693289,6.207607796001915,6.223069190979004,5611500
2021-07-15,6.223069190979004,6.261721941181833,6.223069190979004,6.223069190979004,5099300
2021-07-16,6.230799888467548,6.246260546204745,6.192147138264718,6.223069190979004,3933100
2021-07-19,6.223069140977125,6.269451851055926,6.207607746124268,6.207607746124268,5532200
2021-07-21,6.207607912972372,6.246260663903538,6.192147254943848,6.192147254943848,5436800
2021-07-22,6.207608009216142,6.238530062992515,6.1998780487019856,6.215338706970215,4193400
2021-07-23,6.223069140977125,6.246260496016525,6.199877785937724,6.207607746124268,4552900
2021-07-26,6.207607648773603,6.215338346078795,6.1844162940979,6.1844162940979,3786200
2021-07-27,6.199877688708284,6.207607648773603,6.1844162940979,6.1844162940979,4056200
2021-07-28,6.184416653193842,6.215338706970215,6.17668595543977,6.215338706970215,3770900
2021-07-29,6.215338706970215,6.261722156254731,6.207608009216142,6.215338706970215,6320100
2021-07-30,6.246260663903538,6.246260663903538,6.192147254943848,6.192147254943848,12356100
2021-08-02,6.192146727202646,6.215338080888842,6.176685333251953,6.176685333251953,7272200
2021-08-03,6.184416440776174,6.223069190979004,6.1766857432876305,6.223069190979004,4082500
2021-08-04,6.199877952578062,6.215338610606586,6.184416557309634,6.192147254943848,4772100
2021-08-05,6.1998780487019856,6.269452116768887,6.1998780487019856,6.215338706970215,5421300
2021-08-06,6.21533840448755,6.223069101865391,6.168955326080322,6.168955326080322,5063800
2021-08-09,6.1844162940979,6.207607648773603,6.176685596792709,6.1844162940979,4170800
2021-08-11,6.199877785937724,6.2617218908693815,6.199877785937724,6.207607746124268,5048100
2021-08-12,6.199877952578062,6.215338610606586,6.17668585967542,6.192147254943848,6482900
2021-08-13,6.192147138264718,6.223069190979004,6.184416440776174,6.223069190979004,3416500
2021-08-16,6.192146926109285,6.230799674987793,6.192146926109285,6.230799674987793,4245300
2021-08-17,6.246260575982765,6.323566076756964,6.238529878457366,6.292644023895264,7986800
2021-08-18,6.308104681706167,6.308104681706167,6.2617219710335625,6.292644023895264,3219500
2021-08-19,6.284913658346359,6.284913658346359,6.230800247290022,6.253991603851318,3378800
2021-08-20,6.269451881576465,6.300373934192827,6.26172192135229,6.277182579040527,2481700
2021-08-23,6.27718272494279,6.323566173565379,6.27718272494279,6.315835475921631,2740300
2021-08-24,6.315835224964378,6.431792736053467,6.308104527627805,6.431792736053467,11958400
2021-08-25,6.431792999246496,6.485907145577015,6.424063038833484,6.439523696899414,6494900
2021-08-26,6.439523349888538,6.5400202022412115,6.40860129818309,6.532289505004883,15585500
2021-08-27,6.532289738556606,6.563211791367624,6.454984975149008,6.47044563293457,8277800
2021-08-30,6.493636131286622,6.532288876509477,6.470444779048827,6.493636131286621,15745800
2021-09-01,6.570942509411214,6.570942509411214,6.416332244873047,6.416332244873047,11580300
2021-09-02,6.416332626433712,6.4395239831835855,6.393141269683838,6.393141269683838,5935100
2021-09-03,6.41633243679689,6.470445846693902,6.408601739028769,6.462715148925781,5150600
2021-09-06,6.47044575027118,6.493637105990028,6.424063038833484,6.439523696899414,3099900
2021-09-07,6.4395239831835855,6.462715339933459,6.385410571687233,6.393141269683838,7448400
2021-09-08,6.393141626085845,6.439524342171317,6.393141626085845,6.424063682556152,6840800
2021-09-09,6.424063539713462,6.4549855954962,6.377680087419374,6.385410785675049,8835400
2021-09-10,6.400871063069797,6.431793117007722,6.400871063069797,6.408601760864258,5578400
2021-09-13,6.416332244873047,6.447254297780681,6.408601547336165,6.416332244873047,5751800
2021-09-14,6.41633245865872,6.447254512596644,6.400871063069797,6.408601760864258,7729300
2021-09-15,6.408601760864258,6.439523814802183,6.393141102515256,6.408601760864258,6305200
2021-09-17,6.416332577276052,6.416332577276052,6.377679824829102,6.377679824829102,11992200
2021-09-20,6.400870849799283,6.416332244873047,6.3776794944285315,6.416332244873047,5948500
2021-09-21,6.416332341180566,6.447254394552332,6.400870945874731,6.439523696899414,6102200
2021-09-22,6.47952127456665,6.495519695075891,6.439524078968969,6.47952127456665,8966000
2021-09-23,6.479520990759652,6.519517421722412,6.479520990759652,6.519517421722412,5206600
2021-09-24,6.519517707281278,6.519517707281278,6.447523670665116,6.47952127456665,6052400
2021-09-27,6.47952127456665,6.495519695075891,6.45552249947821,6.47952127456665,4951500
2021-09-28,6.47952127456665,6.495519695075891,6.45552249947821,6.47952127456665,5055200
2021-09-29,6.471521682870503,6.487520103379744,6.45552249947821,6.47952127456665,6080200
2021-09-30,6.479521369922874,6.479521369922874,6.439524173736572,6.439524173736572,12922100
2021-10-01,6.439524173736572,6.471521778109,6.4155261611780166,6.439524173736572,7229500
2021-10-04,6.447523631510081,6.4635220519221654,6.415526027802865,6.423524856567383,4843500
2021-10-05,6.4395240970639565,6.4395240970639565,6.399526901353884,6.40752649307251,8490700
2021-10-06,6.41552593398007,6.4795211404586155,6.41552593398007,6.463521957397461,7276700
2021-10-07,6.463522186295127,6.471521778109,6.4155261611780166,6.439524173736572,8429600
2021-10-08,6.439524173736572,6.495519790667556,6.423524990108826,6.439524173736572,8794200
2021-10-11,6.447523690171266,6.551515331003576,6.447523690171266,6.527517318725586,7430400
2021-10-12,6.535516286241478,6.631509089068262,6.503518685299217,6.583512306213379,10727500
2021-10-13,6.623510189092941,6.679506568745816,6.59151258481261,6.631509780883789,10062000
2021-10-14,6.639509544714032,6.647509136712162,6.599512347606468,6.623510360717773,4068600
2021-10-15,6.615511531602726,6.655507965827209,6.615511531602726,6.623510360717773,4919300
2021-10-18,6.6555079271215085,6.6795067029763295,6.631509914149765,6.6475090980529785,8260000
2021-10-20,6.6795067029763295,6.6795067029763295,6.639509506101372,6.6475090980529785,5894400
2021-10-21,6.631509799948129,6.639509391761975,6.559514999389648,6.559514999389648,16989400
2021-10-22,6.519517421722412,6.575513798259712,6.479520990759652,6.519517421722412,5929700
2021-10-25,6.535516604413932,6.5835126267224515,6.519517421722412,6.519517421722412,7072100
2021-10-26,6.5355168333081295,6.54351642493406,6.495519638061523,6.495519638061523,6927900
2021-10-27,6.519517956184728,6.543516732189399,6.503519535064697,6.503519535064697,6212600
2021-10-28,6.503518923557106,6.535516525671606,6.479520912691983,6.48751974105835,6856900
2021-10-29,6.519517803226112,6.519517803226112,6.439524173736572,6.439524173736572,12744800
2021-11-01,6.423524779225271,6.423524779225271,6.39152717590332,6.39152717590332,19994700
2021-11-02,6.399526767454568,6.447523553879015,6.39152717590332,6.39152717590332,14166400
2021-11-03,6.407526187406347,6.439523789871373,6.399526596069336,6.399526596069336,6587600
2021-11-05,6.447523688782582,6.447523688782582,6.391527309635258,6.40752649307251,7442600
2021-11-08,6.415526084791135,6.4395240970639565,6.391527309635258,6.40752649307251,6504600
2021-11-09,6.407526359005816,6.423524779225271,6.39152717590332,6.39152717590332,5564700
2021-11-10,6.399526767454568,6.399526767454568,6.383527965793593,6.39152717590332,3811100
2021-11-11,6.399526596069336,6.423524607197351,6.391527004732325,6.399526596069336,9120000
2021-11-12,6.431524128078727,6.503518923557106,6.431524128078727,6.48751974105835,21463000
2021-11-15,6.487520103379744,6.559514902878959,6.447523670665116,6.47952127456665,5426000
2021-11-16,6.495519867242098,6.503519459150278,6.447523841559171,6.471521854400635,9802500
2021-11-17,6.479520833850408,6.495519253271487,6.439523640973207,6.455522060394287,7211100
2021-11-18,6.447523459601951,6.4555222881531975,6.431524276733398,6.431524276733398,4650900
2021-11-19,6.439523945688765,6.463521957397461,6.4235247626276095,6.463521957397461,5583400
2021-11-22,6.479520990759652,6.535516604413932,6.455522216722373,6.519517421722412,7744700
2021-11-23,6.519517727005237,6.527517318725586,6.495519714727247,6.527517318725586,5921300
2021-11-24,6.5355168333081295,6.5355168333081295,6.479521217692708,6.495519638061523,5761000
2021-11-25,6.527516934422229,6.535516525671606,6.479520912691983,6.48751974105835,6947800
2021-11-26,6.495519695075891,6.495519695075891,6.45552249947821,6.47952127456665,7883200
2021-11-29,6.439524173736572,6.463522186295127,6.39952697755027,6.439524173736572,14506700
2021-11-30,6.439523750428876,6.455522170121888,6.383527755737305,6.383527755737305,69689000
2021-12-01,6.383527888159622,6.391527098172067,6.351530285226813,6.359529495239258,17852900
2021-12-02,6.359529495239258,6.383527888159622,6.29553428937364,6.359529495239258,15650300
2021-12-06,6.359529572581369,6.431524370776519,6.335531560810666,6.39152717590332,6915900
2021-12-07,6.399526883371288,6.47952127456665,6.399526883371288,6.47952127456665,4972100
2021-12-08,6.487520103379744,6.5275172989774255,6.4315244872728226,6.47952127456665,6946700
2021-12-09,6.503518923557106,6.511518514806483,6.447523310577482,6.48751974105835,6248700
2021-12-10,6.487520046435592,6.519517650056268,6.487520046435592,6.495519638061523,8790000
2021-12-13,6.519517860243272,6.559515056779374,6.511519031242509,6.543516635894775,5392900
2021-12-14,6.519517880083562,6.527517471991741,6.4635222624924555,6.471521854400635,8446500
2021-12-15,6.47952127456665,6.519517707281278,6.45552249947821,6.47952127456665,4590400
2021-12-16,6.495519332307728,6.535516525671606,6.463521730193227,6.48751974105835,6164900
2021-12-17,6.4795211404586155,6.495519560636733,6.439523945688765,6.463521957397461,15061100
2021-12-20,6.4555221389438495,6.503518923557106,6.447523310577482,6.48751974105835,3592900
2021-12-21,6.49551977164981,6.5195177841381025,6.463522167371064,6.511518955230713,5696000
2021-12-22,6.5115191065145295,6.575514316558838,6.5115191065145295,6.575514316558838,5398200
2021-12-23,6.559514430664256,6.599511623382568,6.551514839543994,6.599511623382568,3810600
2021-12-24,6.599511623382568,6.599511623382568,6.567514021784518,6.599511623382568,989400
2021-12-27,6.599512006012514,6.639509201049805,6.56751440255929,6.639509201049805,3564900
2021-12-28,6.639509201049805,6.639509201049805,6.623510017881671,6.639509201049805,3159600
2021-12-29,6.631509382353307,6.663506984710693,6.6235097910432055,6.663506984710693,4337000
2021-12-30,6.655507621334895,6.663507212918962,6.615511189180647,6.639509201049805,4792600
2021-12-31,6.631509609465738,6.639509201049805,6.56751440255929,6.639509201049805,7968500
2022-01-03,6.631509382353307,6.671506576020794,6.60751137130602,6.663506984710693,1600100
2022-01-04,6.663507233266304,6.68750524520874,6.639509221323868,6.68750524520874,3812600
2022-01-05,6.679506301879883,6.687505130468092,6.64750869887795,6.679506301879883,4009700
2022-01-06,6.687505224788119,6.687505224788119,6.631509609465738,6.639509201049805,4650200
2022-01-07,6.639509144396099,6.655507564544678,6.615511132731712,6.655507564544678,4304200
2022-01-10,6.6555081740542095,6.679506950799433,6.623510567943684,6.671507358551025,5194100
2022-01-11,6.663507591252069,6.799497604370117,6.6555079992138095,6.799497604370117,13400500
2022-01-12,6.791497552243373,6.799497143739701,6.719502754542491,6.727502346038818,5230400
2022-01-13,6.727502801791964,6.799497604370117,6.7195032097537055,6.799497604370117,6076700
2022-01-14,6.783497866756848,6.783497866756848,6.735501844209969,6.7674994468688965,3803500
2022-01-17,6.759499949141096,6.783497960747045,6.711503925929197,6.727502346038818,6514300
2022-01-19,6.791497568781262,6.791497568781262,6.647508735911906,6.655507564544678,9284300
2022-01-20,6.647509136712162,6.655507965827209,6.607511939604597,6.623510360717773,5697900
2022-01-21,6.623510360717773,6.639509544714032,6.599512347606468,6.623510360717773,3697500
2022-01-24,6.591512032262306,6.60751121450283,6.559514430664256,6.599511623382568,6793500
2022-01-25,6.559514296227428,6.583512306213379,6.535516286241478,6.583512306213379,7623000
2022-01-26,6.583512822844381,6.639509201049805,6.583512822844381,6.639509201049805,4861300
2022-01-27,6.639509201049805,6.655507621334895,6.623510017881671,6.639509201049805,6740500
2022-01-28,6.639509506101372,6.671507111024722,6.6235103221981575,6.6475090980529785,5973400
2022-01-31,6.639509430085907,6.647509021945927,6.615511417388916,6.615511417388916,6030000
2022-02-03,6.631509552880291,6.6795063390921,6.631509552880291,6.655507564544678,7871200
2022-02-04,6.647509674402838,6.655508504164879,6.599512881414874,6.607512474060059,4343900
2022-02-07,6.60751137130602,6.663506984710693,6.60751137130602,6.663506984710693,6537000
2022-02-08,6.679506301879883,6.7035043134105745,6.6635071189374,6.679506301879883,3130200
2022-02-09,6.679506775328585,6.799497604370117,6.679506775328585,6.799497604370117,10869700
2022-02-10,6.791498390021684,6.8394951820373535,6.7675003754554135,6.8394951820373535,8871500
2022-02-11,6.815496635169449,6.86349266055342,6.7914978595943944,6.855493068695068,5725500
2022-02-14,6.8474942016577955,6.879491806030273,6.8154965972853185,6.879491806030273,5044600
2022-02-15,6.879491748913266,6.8954901695251465,6.847494144806449,6.8954901695251465,7698400
2022-02-16,6.919488505085867,6.991483308409765,6.919488505085867,6.951486110687256,8043400
2022-02-17,6.967485180444347,6.9914831935302955,6.943487167358398,6.943487167358398,6343500
2022-02-18,6.935487919412874,6.943487511799382,6.895490720363458,6.927488327026367,5278200
2022-02-21,6.935487328991122,7.039479732513428,6.935487328991122,7.039479732513428,14516800
2022-02-22,7.0314799861258575,7.0314799861258575,6.927487584891229,6.975484371185303,7153400
2022-02-23,6.967484212789113,7.031479414052608,6.967484212789113,7.015480995178223,6897000
2022-02-24,7.015481430760649,7.015481430760649,6.887490257403871,6.959485054016113,12256600
2022-02-25,7.039479412039915,7.151470639286244,7.007481809557675,7.1034746170043945,19982800
2022-02-28,7.103475345984314,7.159470965353917,7.007482528686523,7.007482528686523,23797300
2022-03-01,7.039479356367812,7.199467367513737,7.015481345416677,7.119472980499268,17200200
2022-03-02,7.119473058583206,7.183468263743454,7.111474230100442,7.15147066116333,11439700
2022-03-03,7.191467825473994,7.29546022415161,7.151470631692908,7.295460224151611,22234100
2022-03-04,7.295460952765552,7.295460952765552,7.175470122321562,7.19946813583374,11629000
2022-03-07,7.19946743961663,7.215466622332961,7.007481824318778,7.031479835510254,16825000
2022-03-08,7.023480549102433,7.079476928157861,6.999482536868994,7.039479732513428,17459400
2022-03-09,7.0394800374645605,7.063478050737595,7.007482432139484,7.047479629516602,12103800
2022-03-10,7.087476230609155,7.183469048840796,7.087476230609155,7.159471035003662,9845200
2022-03-11,7.159470002126289,7.175469184298289,7.079476379915271,7.127472400665283,13078000
2022-03-14,7.127472400665283,7.127472400665283,7.127472400665283,7.127472400665283,0
2022-03-15,7.135472204757543,7.223465420681311,7.135472204757543,7.175469398498535,15373900
2022-03-16,7.249955008836717,7.365821361541748,7.249955008836717,7.365821361541748,18507400
2022-03-17,7.365821582732795,7.481688728197576,7.35754597820559,7.432031154632568,25559900
2022-03-18,7.440307822514994,7.481689003796778,7.398926641233209,7.465137004852295,48769300
2022-03-21,7.4485837021053465,7.456860095646076,7.307888169034263,7.324440956115723,8993500
2022-03-22,7.324442251526342,7.365822647987922,7.299613066512831,7.307889461517334,7968000
2022-03-23,7.307888295405849,7.407202651771007,7.307888295405849,7.398926258087158,6696300
2022-03-24,7.398926368682682,7.432031154632568,7.382374370347916,7.432031154632568,7216900
2022-03-25,7.423755327174595,7.440307325012315,7.349269363704028,7.365821361541748,4076600
2022-03-28,7.407203741969362,7.43203213739483,7.37409895164192,7.415480136871338,5655400
2022-03-29,7.41547893361557,7.41547893361557,7.324440972307284,7.365821361541748,9036200
2022-03-30,7.390651048291721,7.4320314403596965,7.349269866943359,7.349269866943359,6513000
2022-03-31,7.365821472632105,7.43203104354221,7.3575458682286,7.398926258087158,13186100
2022-04-01,7.415479156297803,7.440307548440129,7.382374370347916,7.432031154632568,7608600
2022-04-04,7.43203213739483,7.43203213739483,7.398927347067387,7.415480136871338,6324100
2022-04-05,7.407203390695143,7.432031784943165,7.332717418670654,7.332717418670654,7373300
2022-04-06,7.324441067276124,7.398926242432136,7.324441067276124,7.357545852661133,6850400
2022-04-07,7.357547042263888,7.357547042263888,7.307889461517334,7.307889461517334,10373800
2022-04-08,7.324440956115723,7.332716560376122,7.299611775493534,7.324440956115723,5400400
2022-04-11,7.324440956115723,7.357545740998311,7.316164562574993,7.324440956115723,3598100
2022-04-12,7.316165310899785,7.357546493555725,7.299612522125244,7.299612522125244,7898300
2022-04-13,7.299612182393792,7.332716969121732,7.291336577672088,7.316164970397949,6144300
2022-04-14,7.316165856521838,7.332717857250376,7.299613066512831,7.307889461517334,5961300
2022-04-15,7.307888397213851,7.307888397213851,7.274783611297607,7.274783611297607,3371900
2022-04-18,7.283060373397373,7.291336767615055,7.2416791915893555,7.2416791915893555,5627900
2022-04-20,7.258232156712643,7.316165339085906,7.258232156712643,7.283060550689697,8520700
2022-04-21,7.283060292498135,7.382374654165972,7.283060292498135,7.349269866943359,5070400
2022-04-22,7.349269474544751,7.415479045454856,7.349269474544751,7.398926258087158,12667800
2022-04-25,7.374097850713466,7.39065063804614,7.349269458994795,7.357545852661133,5353000
2022-04-26,7.3575468839190075,7.432032069515106,7.3575468839190075,7.407203674316406,11014100
2022-04-27,7.398926368682682,7.46513672986281,7.374097976540356,7.432031154632568,8299600
2022-04-28,7.531346551499478,7.531346551499478,7.448584189240212,7.481688976287842,13334200
2022-04-29,7.489964935518511,7.514793327042655,7.432030969588395,7.506516933441162,6499400
2022-05-05,7.539622459156863,7.539622459156863,7.440308094024658,7.440308094024658,14471800
2022-05-06,7.465137345559924,7.489965739750005,7.415479767899342,7.44858455657959,16531400
2022-05-09,7.44858455657959,7.489965739750005,7.423756162389509,7.44858455657959,8082600
2022-05-10,7.44858455657959,7.456860951069757,7.423756162389509,7.44858455657959,10344400
2022-05-11,7.448584904572837,7.531347274780273,7.440308509696002,7.531347274780273,9939200
2022-05-12,7.531346114245642,7.597555684496916,7.481688541917018,7.506516933441162,11698100
2022-05-13,7.4982425073301755,7.4982425073301755,7.407203741969362,7.415480136871338,9013100
2022-05-17,7.4403084643414905,7.4403084643414905,7.349270489092624,7.407203674316406,13757500
2022-05-18,7.415479700061709,7.47341288240206,7.35754651772136,7.440308094024658,12894500
2022-05-19,7.44858394224769,7.44858394224769,7.407202762490242,7.432031154632568,8624000
2022-05-20,7.440308532296806,7.456861322100757,7.415480136871338,7.415480136871338,8031800
2022-05-23,7.415479156297803,7.44858394224769,7.407202762490242,7.432031154632568,6697500
2022-05-24,7.43203213739483,7.440308532296806,7.407203741969362,7.415480136871338,5997700
2022-05-25,7.43203213739483,7.43203213739483,7.390651741445871,7.415480136871338,5495700
2022-05-26,7.415479156297803,7.473412334390016,7.415479156297803,7.432031154632568,8098900
2022-05-27,7.423756094476164,7.440308094024658,7.3906513060987615,7.440308094024658,4576400
2022-05-30,7.432031154632568,7.44858394224769,7.423755550105364,7.432031154632568,3510600
2022-05-31,7.432032114819167,7.531347274780273,7.390651718995906,7.531347274780273,24283800
2022-06-01,7.473412206868488,7.473412206868488,7.357545852661133,7.357545852661133,10000200
2022-06-02,7.407202651771007,7.415479045454856,7.3823742599998035,7.398926258087158,3888000
2022-06-03,7.398926653137084,7.407203047262834,7.349269866943359,7.349269866943359,6678900
2022-06-07,7.357546151127967,7.37409814985175,7.316164970397949,7.316164970397949,6161000
2022-06-08,7.34099336312381,7.357546151127967,7.316164970397949,7.316164970397949,5121400
2022-06-09,7.324441733505061,7.340993733062959,7.283060550689696,7.283060550689697,7299500
2022-06-10,7.283060373397373,7.291336767615055,7.2416791915893555,7.2416791915893555,5540600
2022-06-13,7.208574253909168,7.216850647954527,7.117536287251347,7.183745861053467,9847100
2022-06-14,7.150641074152407,7.216850647954527,7.125811892016328,7.183745861053467,12044600
2022-06-15,7.183745202267523,7.192020806273589,7.117535634537155,7.142364025115967,6405300
2022-06-16,7.17546957602376,7.216850757598877,7.167193181852658,7.216850757598877,5464600
2022-06-17,7.1671931425788,7.349269866943359,7.142364749481937,7.349269866943359,15701800
2022-06-20,7.2582325874255185,7.266508193055346,7.158917427062988,7.158917427062988,4966600
2022-06-21,7.158917427062988,7.175470216883563,7.117537031072471,7.158917427062988,8874500
2022-06-22,7.158916937963198,7.158916937963198,7.117536544799805,7.117536544799805,10588900
2022-06-23,7.109259563120144,7.1423643484841355,7.034773598731078,7.084431171417236,4106500
2022-06-24,7.084431756700846,7.12581214986424,7.076155362356005,7.117536544799805,4508500
2022-06-27,7.150641195524589,7.167193194615877,7.084431620598653,7.100983619689941,3108000
2022-06-28,7.100982916751936,7.175468878490223,7.084430919299157,7.150640487670898,10031100
2022-06-29,7.134089031612586,7.167193821973276,7.117537031072471,7.158917427062988,7588600
2022-06-30,7.158915908941129,7.167192302096322,7.09270634226017,7.109259128570557,9486800
2022-07-01,7.092707333953812,7.14236491054774,7.084431728921827,7.134088516235352,3724200
2022-07-04,7.117536544799805,7.158916937963198,7.092707361765281,7.117536544799805,2575800
2022-07-05,7.125811576843262,7.158916362280104,7.109259578765012,7.125811576843262,5958100
2022-07-06,7.134088516235352,7.183746092829279,7.117536516890977,7.134088516235352,7664500
2022-07-07,7.134088407152909,7.158916800430037,7.100983619689941,7.100983619689941,8578000
2022-07-08,7.117536516890977,7.1506413048601285,7.117536516890977,7.134088516235352,2318300
2022-07-12,7.1340877009378065,7.158916091757131,7.12581130757126,7.150640487670898,6454000
2022-07-13,7.1340879705225575,7.142364364201854,7.100983185085715,7.125811576843262,6351800
2022-07-14,7.117536516890977,7.158916909892113,7.117536516890977,7.134088516235352,5360900
2022-07-15,7.134087518755843,7.134087518755843,7.100982735415363,7.109259128570557,2147100
2022-07-18,7.117536408061621,7.125812012967069,7.084431620598653,7.100983619689941,4454300
2022-07-19,7.100983169459061,7.109259563120144,7.076154777756153,7.084431171417236,3887700
2022-07-20,7.092707361765281,7.12581214986424,7.092707361765281,7.117536544799805,3442400
2022-07-21,7.125811864924722,7.233402619264213,7.125811864924722,7.200297832489014,5902300
2022-07-22,7.225126646553077,7.316165407453697,7.225126646553077,7.291337013244629,6858400
2022-07-25,7.283060550689696,7.291336945108853,7.241679367874332,7.283060550689697,3774900
2022-07-26,7.2830600050967575,7.2830600050967575,7.249955219180514,7.274783611297607,5389100
2022-07-27,7.274784156270541,7.30788894466675,7.266507761851385,7.283060550689697,4439100
2022-07-28,7.299611775493534,7.324440956115723,7.266506990610946,7.324440956115723,7911500
2022-07-29,7.324441813441595,7.332717418670654,7.307889024422632,7.332717418670654,6251300
2022-08-01,7.3409929275512695,7.3409929275512695,7.307888142787578,7.3409929275512695,5326700
2022-08-02,7.34099347281761,7.349269866943359,7.307888685594998,7.349269866943359,5583500
2022-08-03,7.307889461517334,7.332717857250376,7.291337460788796,7.307889461517334,5472400
2022-08-04,7.307888185189233,7.365821361541748,7.307888185189233,7.365821361541748,10733300
2022-08-05,7.357545852661133,7.357545852661133,7.316164673609787,7.357545852661133,7493700
2022-08-08,7.365821865914472,7.365821865914472,7.34099347281761,7.349269866943359,3227000
2022-08-09,7.357545852661133,7.398926242432136,7.349269458994795,7.357545852661133,4560000
2022-08-10,7.365821361541748,7.382374148659799,7.349269363704028,7.365821361541748,8167900
2022-08-11,7.374097866315954,7.423755439138705,7.374097866315954,7.398926258087158,9179100
2022-08-12,7.407202857923568,7.448584038214165,7.407202857923568,7.423755645751953,9174500
2022-08-15,7.423755876683329,7.440307875746233,7.374098300933838,7.374098300933838,5851400
2022-08-16,7.382374465461356,7.440307644299972,7.3658216776329715,7.423755645751953,10501000
2022-08-17,7.432031250385779,7.473412430676376,7.398926464009375,7.423755645751953,8606400
2022-08-18,7.423756463969175,7.465137648820642,7.398927279490023,7.407203674316406,7366500
2022-08-19,7.4072026785124505,7.423755465939907,7.365821499224155,7.382374286651611,3313100
2022-08-22,7.365821318803955,7.37409771231496,7.324440929809588,7.3409929275512695,6213100
2022-08-23,7.332717857250376,7.34099425225488,7.299613066512831,7.307889461517334,4518400
2022-08-24,7.307889012957201,7.3409938016627665,7.283060618748133,7.291337013244629,10754100
2022-08-25,7.324441364400028,7.332716969121732,7.299612182393792,7.316164970397949,12236200
2022-08-26,7.316165120293091,7.423755876683329,7.307888726121444,7.374098300933838,9472400
2022-08-29,7.340993080860902,7.43203104354221,7.340993080860902,7.398926258087158,6908200
2022-08-30,7.390650859375548,7.432031250385779,7.374098071547164,7.423755645751953,16918100
2022-09-01,7.407203088340036,7.440307875746233,7.365821906762191,7.374098300933838,12497100
2022-09-02,7.382374355415723,7.423755535089469,7.374097961624903,7.390650749206543,6213800
2022-09-05,7.390650653683653,7.43203104354221,7.374097866315954,7.398926258087158,4605700
2022-09-06,7.3989261464975185,7.440307325012315,7.365821361541748,7.365821361541748,6615200
2022-09-07,7.398926353717009,7.398926353717009,7.374097961624903,7.390650749206543,3679900
2022-09-08,7.407203674316406,7.423756463969175,7.390651673944091,7.407203674316406,6305100
2022-09-09,7.407202857923568,7.448584038214165,7.407202857923568,7.423755645751953,7766200
2022-09-12,7.448584488439112,7.47341288240206,7.423756094476164,7.440308094024658,5265200
2022-09-13,7.448583857800746,7.465136645228203,7.382374286651611,7.382374286651611,8180900
2022-09-14,7.365821345258711,7.407202523682028,7.316164562574993,7.324440956115723,8516800
2022-09-15,7.332717418670654,7.390651390956602,7.332717418670654,7.332717418670654,16256600
2022-09-19,7.349810060808559,7.392540860724821,7.341263574810201,7.375448703765869,10516900
2022-09-20,7.392541077427386,7.4438191798829205,7.366902433718513,7.435272693634033,13167600
2022-09-21,7.42672566963663,7.4694572827492,7.392540542154119,7.460910797119141,12824000
2022-09-22,7.435272559925313,7.469457689268321,7.4010874305823044,7.443819046020508,9821800
2022-09-23,7.443819791988045,7.45236627893971,7.418181146170907,7.426726818084717,6231400
2022-09-26,7.418180517022964,7.426726188212001,7.315625127414445,7.341263771057129,8102800
2022-09-27,7.3412645173125215,7.358356676465837,7.289986409776839,7.324171543121338,13257100
2022-09-28,7.332717348298664,7.341263834599461,7.298532218133269,7.315625190734863,14998200
2022-09-29,7.324170861997867,7.358355992163263,7.289985731832471,7.315625190734863,10921500
2022-09-30,7.3070787745600025,7.332717418670654,7.28144013044935,7.332717418670654,13665700
2022-10-03,7.332717151301221,7.3669022805482145,7.289985535983036,7.3498101234436035,6345600
2022-10-04,7.349810678874618,7.4267266142146235,7.349810678874618,7.4181809425354,7446200
2022-10-05,7.418180536174047,7.452365666131808,7.4096340499251605,7.435272693634033,7544600
2022-10-06,7.4438202016361625,7.452366689058158,7.40108857956409,7.409635066986084,6092500
2022-10-07,7.435273506252865,7.435273506252865,7.366903238864995,7.392541885375977,5115500
2022-10-11,7.32417083853829,7.332717324811712,7.187430318314691,7.213068962097168,13658000
2022-10-12,7.221615800536301,7.281440392329845,7.213069313846105,7.272893905639648,12017800
2022-10-13,7.264347140142493,7.272893626504674,7.23870849609375,7.23870849609375,6868100
2022-10-14,7.264346930020731,7.2814399022506775,7.221615314483643,7.221615314483643,9162100
2022-10-17,7.230161680389456,7.289985452124081,7.230161680389456,7.281439781188965,7178100
2022-10-18,7.281440392329845,7.307079037362603,7.24725444556906,7.272893905639648,8438500
2022-10-19,7.28144114434204,7.307079792022704,7.2728946567691795,7.307079792022705,5678000
2022-10-20,7.307078508125419,7.3498101234436035,7.2728933788784245,7.3498101234436035,17687500
2022-10-21,7.349810472140938,7.478004509139636,7.32417101271095,7.401087760925293,5264000
2022-10-25,7.4267266142146235,7.520736338026574,7.392541482384233,7.4181809425354,11102300
2022-10-26,7.452365666131808,7.4780043098406805,7.418180536174047,7.435272693634033,4901500
2022-10-27,7.443819587648735,7.46945823276207,7.4096344558183445,7.4181809425354,9727200
2022-10-28,7.4181806524232305,7.4181806524232305,7.31562526094282,7.332717418670654,9980500
2022-10-31,7.349810257283951,7.409634030796141,7.3241707986034825,7.341263771057129,13458200
2022-11-01,7.349810590610618,7.358356262187216,7.272893841156474,7.298532485961914,8463200
2022-11-02,7.332717617381776,7.349810590610618,7.255800867927632,7.298532485961914,14217100
2022-11-03,7.31562571723676,7.31562571723676,7.161792212902261,7.1874308586120605,15120000
2022-11-04,7.204523157291472,7.264346930020731,7.204523157291472,7.221615314483643,14252300
2022-11-07,7.264347344849101,7.281440318055136,7.221615726871836,7.247254371643066,7544600
2022-11-08,7.264347553253174,7.2814405269495825,7.247254579556765,7.264347553253174,7659200
2022-11-09,7.2643468309005055,7.409633832721537,7.2558003449021475,7.375448703765869,11826300
2022-11-10,7.3669016087315775,7.418179705444704,7.349809453185667,7.3839945793151855,6787700
2022-11-11,7.426726052971011,7.4609111822180045,7.341263637372412,7.3498101234436035,12681900
2022-11-14,7.349810257283951,7.366902414699812,7.315625127414445,7.341263771057129,7450800
2022-11-15,7.341264304811322,7.341264304811322,7.247254579556765,7.264347553253174,11820600
2022-11-16,7.264347418949452,7.281440392329845,7.221615800536301,7.272893905639648,5543400
2022-11-17,7.281440060569467,7.315625190734863,7.27289357426867,7.315625190734863,8101600
2022-11-21,7.315625459190756,7.324171130767354,7.2643473545420525,7.298532485961914,13127000
2022-11-22,7.298532485961914,7.349810590610618,7.281440327770895,7.298532485961914,9165900
2022-11-23,7.28144114434204,7.33271843970337,7.2728946567691795,7.307079792022705,5063000
2022-11-24,7.4267266921804405,7.554921549168573,7.392541559991173,7.486551284790039,26437100
2022-11-25,7.512190470936319,7.546375605586397,7.40108857956409,7.409635066986084,14156200
2022-11-29,7.4096340499251605,7.4780043098406805,7.401087563676273,7.435272693634033,13796900
2022-11-30,7.435272475678847,7.435272475678847,7.36690221776751,7.375448703765869,24418800
2022-12-01,7.392541473298376,7.435273091793304,7.3412641831347285,7.366902828216553,13787500
2022-12-02,7.3669025491641245,7.3669025491641245,7.3070787745600025,7.332717418670654,14812800
2022-12-05,7.341263905053473,7.34981039143629,7.289985801794367,7.332717418670654,7507800
2022-12-06,7.3241703941739065,7.38399497942046,7.315624723456748,7.358355522155762,6061300
2022-12-07,7.366903238864995,7.435273506252865,7.324171617988107,7.392541885375977,5247500
2022-12-08,7.366902828216553,7.401087960004928,7.349810669841281,7.366902828216553,6500200
2022-12-09,7.383996013402104,7.426726818084717,7.349810880633302,7.426726818084717,5168200
2022-12-12,7.435272693634033,7.435272693634033,7.383995406216287,7.435272693634033,3534200
2022-12-13,7.4267263521116025,7.486550941981841,7.409634194318538,7.478004455566406,6300100
2022-12-14,7.478004188119806,7.503642831411354,7.452365544828258,7.4950971603393555,5615300
2022-12-15,7.495097282338455,7.512189439798441,7.4096340499251605,7.435272693634033,7569200
2022-12-16,7.40108777134975,7.460911546695029,7.392541284861049,7.452365875244141,7126000
2022-12-19,7.452365532115704,7.452365532115704,7.418180402772696,7.443819046020508,6689900
2022-12-20,7.4438191798829205,7.460911337342906,7.418180536174047,7.435272693634033,3594600
2022-12-21,7.435272302730505,7.503642559051514,7.435272302730505,7.503642559051514,2914600
2022-12-22,7.503642818611329,7.503642818611329,7.4267260738301175,7.443819046020508,2812200
2022-12-23,7.443818788530067,7.503642559051514,7.418180146169125,7.503642559051514,2805500
2022-12-27,7.4865499577037395,7.512188598541454,7.3839945793151855,7.3839945793151855,5169900
2022-12-28,7.392540944487109,7.452365532115704,7.324170685801094,7.443819046020508,8294200
2022-12-29,7.409634327274044,7.478004589748721,7.375449196036706,7.469458103179932,5176600
2022-12-30,7.4780043098406805,7.503642953549553,7.401087563676273,7.435272693634033,11372700
2023-01-03,7.4096339166775005,7.452365532115704,7.383995273429687,7.443819046020508,2945000
2023-01-04,7.443819046020509,7.460911203173126,7.4096339166775005,7.443819046020508,5769800
2023-01-05,7.45236527432963,7.503642559051514,7.443818788530067,7.503642559051514,4995300
2023-01-06,7.503642831411354,7.512189317521129,7.460911215900258,7.4950971603393555,2335800
2023-01-09,7.512189730918689,7.537828375621138,7.495097572796331,7.520736217498779,8902300
2023-01-10,7.520736351845064,7.546374997005508,7.486551219951862,7.512189865112305,9589500
2023-01-11,7.512190141507232,7.563468248752621,7.4950979824506785,7.546375274658203,9458400
2023-01-12,7.554921348781317,7.563467835361407,7.520736217498779,7.520736217498779,8251400
2023-01-13,7.529282576045131,7.5720133781433105,7.529282576045131,7.5720133781433105,4406700
2023-01-16,7.5720128153725215,7.580559301172085,7.495096888289696,7.503642559051514,13282500
2023-01-17,7.503642559051514,7.54637417301158,7.486550402490134,7.503642559051514,10039700
2023-01-18,7.512190072784364,7.554921692591628,7.495097913884173,7.529283046722412,12028600
2023-01-19,7.563467835361407,7.5720135069036765,7.5036432443386,7.520736217498779,8461300
2023-01-20,7.520736217498779,7.537828375621138,7.5036432443386,7.520736217498779,9472200
2023-01-25,7.520736559753388,7.5378287186535795,7.512190072784364,7.529283046722412,7311200
2023-01-26,7.529282016450201,7.529282016450201,7.495096888289696,7.503642559051514,3449500
2023-01-27,7.503643234417271,7.520736207554849,7.460911616611143,7.469458103179932,7677600
2023-01-30,7.478003916690572,7.503642559051514,7.478003916690572,7.503642559051514,10107700
2023-01-31,7.478004589748721,7.486551076317511,7.460911616611143,7.469458103179932,18926700
2023-02-02,7.563467754483811,7.563467754483811,7.44381938875544,7.452365875244141,8622200
2023-02-03,7.452365532115704,7.469457689268321,7.418180402772696,7.443819046020508,10222500
2023-02-07,7.392540860724821,7.426725989680489,7.349810060808559,7.375448703765869,14622300
2023-02-08,7.3754480940233815,7.401086734861096,7.3669016087315775,7.3839945793151855,10821200
2023-02-09,7.401087960004928,7.409634446711481,7.349810669841281,7.366902828216553,8488500
2023-02-10,7.375449063694604,7.486550941981841,7.375449063694604,7.478004455566406,3723000
2023-02-13,7.486550674229581,7.512189317521129,7.460911215900258,7.4950971603393555,10984000
2023-02-14,7.478004599636152,7.537828375621138,7.478004599636152,7.520736217498779,10805000
2023-02-15,7.520736217498779,7.537828375621138,7.452365954933702,7.520736217498779,6298100
2023-02-16,7.520735803630903,7.520735803630903,7.486550674229581,7.4950971603393555,11109700
2023-02-17,7.495097428397275,7.503643099774906,7.460911482735537,7.478004455566406,4141800
2023-02-20,7.478004589748721,7.495097562886301,7.443819458511383,7.469458103179932,1772000
2023-02-21,7.4780043098406805,7.486550796089568,7.435272693634033,7.435272693634033,3129300
2023-02-22,7.435272891794133,7.469458022662973,7.375449116533115,7.401087760925293,6858900
2023-02-23,7.418181146170907,7.45236627893971,7.4010881722675785,7.426726818084717,5099500
2023-02-24,7.443819458511383,7.486551076317511,7.426726485373804,7.469458103179932,5191900
2023-02-27,7.478004455566406,7.503643099774906,7.4352728385270375,7.478004455566406,9393300
2023-02-28,7.478004599636152,7.537828375621138,7.469458113056062,7.520736217498779,14539900
2023-03-01,7.520735530650638,7.529282016450201,7.469457430891009,7.503642559051514,11206400
2023-03-02,7.503643099774906,7.520736072605775,7.469457969150971,7.478004455566406,6903900
2023-03-03,7.503642818611329,7.503642818611329,7.443819046020509,7.443819046020508,7501900
2023-03-06,7.486551411708513,7.512190057525651,7.4010881722675785,7.426726818084717,10924700
2023-03-07,7.452366074365791,7.46945823276207,7.4181809425354,7.4181809425354,7443900
2023-03-08,7.435273714214168,7.4438202016361625,7.409635066986084,7.409635066986084,10314400
2023-03-09,7.4267260738301175,7.452365532115704,7.4267260738301175,7.443819046020508,12475500
2023-03-10,7.4438191798829205,7.4780043098406805,7.435272693634033,7.435272693634033,7520300
2023-03-13,7.47953052451347,7.506084834992772,7.39986674892925,7.470678806304932,11284800
2023-03-14,7.470678649250466,7.4795303672729165,7.382164001464844,7.382164001464844,12179400
2023-03-15,7.426422035787999,7.452976346740122,7.391016006469727,7.391016006469727,8240000
2023-03-16,7.391016030218879,7.391016030218879,7.311352252960205,7.311352252960205,10810700
2023-03-17,7.337907282748288,7.461828819971754,7.337907282748288,7.417571067810059,14838400
2023-03-20,7.426421747430801,7.435272621306959,7.373312283442393,7.382164001464844,4898200
2023-03-21,7.417570101563223,7.4529761298511445,7.4087183834546675,7.435272693634033,3105300
2023-03-22,7.4352723825161675,7.568045616149902,7.4352723825161675,7.568045616149902,5988000
2023-03-23,7.532640361271258,7.550342954415451,7.479530893545974,7.514936923980713,4242000
2023-03-24,7.52378857346618,7.52378857346618,7.461828231811523,7.461828231811523,3945300
2023-03-27,7.470678806304932,7.4883822427220075,7.461827932242704,7.470678806304932,4017200
2023-03-28,7.488381759438918,7.532639503479004,7.470678324164383,7.532639503479004,3961900
2023-03-29,7.52378863035329,7.585748972476426,7.514936911722456,7.576898097991943,6333300
2023-03-30,7.585748851536929,7.638858318328857,7.559194540214133,7.638858318328857,4793800
2023-03-31,7.638859098374898,7.647710817768507,7.576898750912482,7.585749626159668,5979600
2023-04-03,7.585748462102339,7.674263954162598,7.585748462102339,7.674263954162598,3422500
2023-04-04,7.674264144249409,7.674264144249409,7.621154678868506,7.665412425994873,4197700
2023-04-05,7.665412425994873,7.665412425994873,7.630006397123043,7.665412425994873,3801300
2023-04-06,7.65656042098999,7.665412138913016,7.603451801744405,7.65656042098999,6289600
2023-04-07,7.656560707740336,7.674264144249409,7.6388581153775785,7.665412425994873,1679400
2023-04-10,7.665412138913016,7.700818166458834,7.647709547213248,7.65656042098999,4621700
2023-04-11,7.665412780811799,7.727373123168945,7.656561062147534,7.727373123168945,6301800
2023-04-12,7.727372371090616,7.727372371090616,7.665412034763853,7.700818061828613,6229000
2023-04-13,7.700818824990678,7.71852226235063,7.683116231777082,7.709670543670654,9680500
2023-04-14,7.709670543670654,7.727373136884251,7.691967106310703,7.709670543670654,5182100
2023-04-17,7.709669779631371,7.718521497434129,7.6742637525666115,7.700818061828613,5435900
2023-04-18,7.709669779631371,7.709669779631371,7.656560316961095,7.700818061828613,4305200
2023-04-19,7.718522166207198,7.718522166207198,7.683116136074674,7.691967010498047,7339600
2023-04-20,7.700818061828613,7.700818061828613,7.665412034763853,7.700818061828613,1970400
2023-04-25,7.709669884381859,7.709669884381859,7.630006111367198,7.65656042098999,4366500
2023-04-26,7.6565608145218675,7.6565608145218675,7.568046163180988,7.62115478515625,6902900
2023-04-27,7.656560316961095,7.700818061828613,7.630006007699094,7.700818061828613,8021400
2023-04-28,7.7008184548667025,7.7008184548667025,7.630006397123043,7.665412425994873,8180600
2023-05-02,7.665412998174106,7.700819029688794,7.656561279258839,7.683116436004639,3605300
2023-05-03,7.691966441257272,7.7273724687695875,7.638857822061941,7.718521595001221,6173500
2023-05-05,7.718522344166506,7.745076656341553,7.691967187845096,7.745076656341553,8269100
2023-05-08,7.736224747396854,7.753928184509277,7.700818717318351,7.753928184509277,2841600
2023-05-09,7.727373218793946,7.745076656341553,7.718522344166506,7.745076656341553,4385800
2023-05-10,7.745075806696131,7.745075806696131,7.691966344025856,7.700818061828613,3548400
2023-05-11,7.700818147042962,7.745075892400219,7.700818147042962,7.736224174499512,9117700
2023-05-12,7.7362247592002875,7.771630789332811,7.66541269893524,7.691967010498047,8072900
2023-05-15,7.691967010498047,7.7362247592002875,7.656560980365524,7.691967010498047,3836700
2023-05-16,7.69196709265824,7.745076560497475,7.69196709265824,7.727373123168945,3238200
2023-05-17,7.700818824990678,7.7450765742442025,7.691967106310703,7.709670543670654,4054500
2023-05-18,7.727373028840643,7.753928184509277,7.700818717318351,7.753928184509277,3691600
2023-05-19,7.745076452531294,7.771630764007568,7.709670422514147,7.771630764007568,4841000
2023-05-22,7.709670002983734,7.7362243130150254,7.594600200653076,7.594600200653076,11619300
2023-05-23,7.612303910924591,7.691966843887484,7.568046163180988,7.62115478515625,8260900
2023-05-24,7.612304128368928,7.612304128368928,7.5680463793611095,7.576898097991943,8130600
2023-05-25,7.59460069110726,7.6300067214842455,7.576898097991943,7.576898097991943,9154400
2023-05-26,7.58574848259388,7.6211545106843674,7.57689760868098,7.594600200653076,5321800
2023-05-29,7.603452015653631,7.630006326023481,7.594600297481579,7.612303733825684,6150800
2023-05-30,7.63000651669138,7.656560827724801,7.594600487264709,7.603452205657959,8271900
2023-05-31,7.621154393444172,7.65656042098999,7.59460008382138,7.65656042098999,59731000
2023-06-01,7.612303733825684,7.656560636393331,7.603452015653631,7.612303733825684,8702900
2023-06-02,7.612303636771467,7.6300062287435635,7.568045890621784,7.594600200653076,7850300
2023-06-06,7.58574848259388,7.6388579468027595,7.568045890621784,7.594600200653076,7838300
2023-06-07,7.612303636771467,7.612303636771467,7.57689760868098,7.594600200653076,5694000
2023-06-08,7.612303733825684,7.612303733825684,7.585748579309527,7.612303733825684,4977100
2023-06-09,7.621154118882686,7.656560145152958,7.603451527820676,7.630005836486816,3179100
2023-06-12,7.630006599839146,7.665412629651653,7.6123040070060615,7.638858318328857,5126600
2023-06-13,7.630005836486816,7.656560145152958,7.621154118882686,7.630005836486816,4022900
2023-06-14,7.638858044195533,7.656560636393331,7.603452015653631,7.612303733825684,4709200
2023-06-15,7.612303733825684,7.638858044195533,7.594600297481579,7.612303733825684,3846900
2023-06-16,7.630007378981289,7.630007378981289,7.585749626159668,7.585749626159668,22042500
2023-06-19,7.585748365898354,7.65656042098999,7.576897492121612,7.65656042098999,3264000
2023-06-20,7.65656042098999,7.65656042098999,7.621154393444172,7.65656042098999,6681500
2023-06-21,7.656560401685704,7.745075892400219,7.6388578100305695,7.736224174499512,4738400
2023-06-22,7.727373218793946,7.7804826872904025,7.727373218793946,7.745076656341553,8575800
2023-06-23,7.745075892400219,7.745075892400219,7.718521582844377,7.736224174499512,5713300
2023-06-26,7.7362240888933735,7.745075806696131,7.683115470369369,7.700818061828613,5306800
2023-06-27,7.727373136884251,7.736224855564227,7.691967106310703,7.709670543670654,5553800
2023-06-28,7.718522248651034,7.771630872343916,7.70967052998677,7.727373123168945,6424900
2023-06-30,7.7273729707869565,7.736224689276668,7.6123040070060615,7.638858318328857,11019400
2023-07-03,7.656561156896246,7.7716309685165985,7.656561156896246,7.745076656341553,4420600
2023-07-04,7.745075806696131,7.745075806696131,7.691966344025856,7.700818061828613,4200200
2023-07-05,7.6742637525666115,7.727372371090616,7.6742637525666115,7.700818061828613,3847000
2023-07-06,7.718522248651034,7.727373123168945,7.69196709265824,7.727373123168945,8449400
2023-07-07,7.727372574081717,7.727372574081717,7.674263954162598,7.674263954162598,4282500
2023-07-10,7.674263954162598,7.700818264122157,7.665412236127313,7.674263954162598,4183300
2023-07-11,7.665412119586412,7.736224174499512,7.665412119586412,7.736224174499512,6327700
2023-07-12,7.736224937567749,7.753928375115356,7.709670625392703,7.745076656341553,4733200
2023-07-13,7.745076560497475,7.771630872343916,7.727373123168945,7.727373123168945,5238100
2023-07-14,7.727373583820147,7.815889087446755,7.727373583820147,7.789334774017334,16087300
2023-07-17,7.7893346636696315,7.833592414855957,7.780482944603087,7.833592414855957,8706900
2023-07-18,7.833592511041315,7.833592511041315,7.780483040136337,7.807037353515625,6517200
2023-07-20,7.833592525830638,7.833592525830638,7.7804830548253925,7.789334774017334,9032300
2023-07-21,7.7893342010893125,7.798185919630185,7.762779889613038,7.771630764007568,6196300
2023-07-24,7.771631102659754,7.904404354119461,7.771631102659754,7.895552635192871,6344700
2023-07-25,7.895551754345891,8.001769837175882,7.895551754345891,7.948660373687744,16470100
2023-07-26,7.948660946543492,7.984067820851528,7.93095835353582,7.96636438369751,12650500
2023-07-27,7.9663650516861795,8.019474523455177,7.948661613047708,7.957513332366943,11107700
2023-07-28,7.957513332366943,7.9663650516861795,7.930959018555653,7.957513332366943,6829000
2023-07-31,7.9663640037233465,8.019473468505877,7.957512285568541,7.984067440032959,13720000
2023-08-01,7.975216771005415,8.019474523455177,7.930959018555653,7.957513332366943,7015900
2023-08-02,7.957511336597996,7.957511336597996,7.895551005196025,7.922105312347412,7720100
2023-08-03,7.904403780034212,7.913254654171597,7.833591722057228,7.8778486251831055,6079000
2023-08-04,7.877848911582482,7.966364409344852,7.868998037123323,7.886700630187988,9106400
2023-08-07,7.886700916266282,7.939810385679441,7.8778491973396925,7.895552635192871,4553900
2023-08-08,7.913254169133753,7.966363631434338,7.895551577797734,7.939809322357178,12847500
2023-08-09,7.92210663495881,7.96636438369751,7.895552323374129,7.96636438369751,13758700
2023-08-10,7.957512665120501,7.96636438369751,7.904404041951137,7.96636438369751,13833200
2023-08-11,7.9663640037233465,7.984067440032958,7.913254538940817,7.984067440032959,11962100
2023-08-14,7.984067820851528,7.984067820851528,7.939810072112828,7.96636438369751,6458500
2023-08-15,7.966364180456308,8.010621928065886,7.966364180456308,7.992918491363525,6833500
2023-08-16,7.992918491363525,8.010621928065886,7.975215898807488,7.992918491363525,8915800
2023-08-17,7.966363631434338,7.992917940511498,7.922105886874895,7.939809322357178,9008200
2023-08-18,7.939810072112828,7.975216102274519,7.93095835353582,7.96636438369751,14576400
2023-08-21,7.9663650516861795,7.975216771005415,7.930959018555653,7.957513332366943,8039100
2023-08-22,7.957512950912561,8.001770701240766,7.948661232017645,7.975216388702393,9313800
2023-08-23,7.9663650516861795,7.975216771005415,7.948661613047708,7.957513332366943,9939200
2023-08-24,7.966364669807477,7.9840681075973094,7.939810357269104,7.975216388702393,9482300
2023-08-25,7.9663640037233465,7.984067440032958,7.939809693405234,7.984067440032959,6904100
2023-08-28,7.96636438369751,7.984067820851528,7.957512665120501,7.96636438369751,4888100
2023-08-29,7.9663634143260555,8.046027183532715,7.9663634143260555,8.046027183532715,9759300
2023-08-30,8.046027647992707,8.099136267765367,8.046027647992707,8.063730239868164,20042600
2023-09-01,8.099137306213379,8.11684074450501,8.063731273776517,8.099137306213379,10690700
2023-09-04,8.099137306213379,8.107989025359194,8.081434712068146,8.099137306213379,7505000
2023-09-05,8.107988561650293,8.107988561650293,8.054879938105566,8.08143424987793,8691000
2023-09-06,8.08143461649444,8.125692367553711,8.08143461649444,8.125692367553711,5751000
2023-09-07,8.116840362548828,8.143394674590303,8.116840362548828,8.116840362548828,7713500
2023-09-08,8.13454220246322,8.13454220246322,8.07258186538958,8.090285301208496,6968900
2023-09-11,8.099136639127202,8.107988357543945,8.09028576485679,8.107988357543945,8610500
2023-09-12,8.107987892881129,8.107987892881129,8.081433583299038,8.090285301208496,13363800
2023-09-13,8.090286637289937,8.099137512514803,8.05488060395121,8.072583198547363,8474400
2023-09-14,8.118293018996987,8.154861871123858,8.054297745742517,8.081724166870117,12036700
2023-09-15,8.090866685349958,8.154861959296362,8.081724254251839,8.145719528198242,16968900
2023-09-18,8.145720415353361,8.164005279541016,8.090867566531022,8.164005279541016,3578300
2023-09-19,8.164004390394481,8.164004390394481,8.1182931067741,8.145719528198242,3117600
2023-09-20,8.136577820311219,8.145720252221954,8.100008964538574,8.100008964538574,8614700
2023-09-21,8.100008751390817,8.136577606201172,8.100008751390817,8.136577606201172,10162700
2023-09-22,8.100008898534558,8.136577754009217,8.100008898534558,8.118293762207031,7870100
2023-09-25,8.118294272621002,8.136578265572739,8.090867847258222,8.109151840209961,7752500
2023-09-26,8.10000940779892,8.118294272621002,8.090867847258222,8.109151840209961,11442100
2023-09-27,8.109151330370794,8.164005049517927,8.090867338568607,8.118293762207031,8611800
2023-09-29,8.118292782391105,8.118292782391105,8.036012649536133,8.036012649536133,9701600
2023-10-02,8.036013338908846,8.072582193107,7.999444484710693,7.999444484710693,8039400
2023-10-03,7.9994448952437205,8.026871319332301,7.990302463257427,8.017729759216309,9769100
2023-10-04,8.008586981818175,8.026870973131867,7.944590832544585,7.981159687042236,19376300
2023-10-05,7.981159589105544,8.017729315024713,7.962875598016213,8.008586883544922,21738000
2023-10-06,8.008587327230014,8.036013751318594,7.981160031271132,8.017729759216309,17326600
2023-10-09,8.017730053785616,8.05429891120402,8.017730053785616,8.045156478881836,5249900
2023-10-10,8.06343859107025,8.127434730529785,8.06343859107025,8.127434730529785,10124500
2023-10-11,8.127436046401288,8.154862469541484,8.109151183060973,8.136577606201172,5376600
2023-10-12,8.16400491879919,8.228000196887606,8.16400491879919,8.218857765197754,8988800
2023-10-13,8.218857320721796,8.218857320721796,8.182288467810306,8.209714889526367,3997100
2023-10-16,8.209714889526367,8.218857320721796,8.145719614898816,8.209714889526367,7575600
2023-10-17,8.182288403447476,8.255426108695145,8.182288403447476,8.227999687194824,14488500
2023-10-18,8.22799945230323,8.22799945230323,8.173145738998324,8.18228816986084,7189900
2023-10-19,8.227999899097853,8.227999899097853,8.173146182814293,8.191431045532227,8419400
2023-10-20,8.18228891030862,8.228000196887606,8.173146478618769,8.218857765197754,5698700
2023-10-23,8.218857765197754,8.255426620086888,8.191431341998472,8.218857765197754,8603700
2023-10-24,8.218857467738886,8.218857467738886,8.18228861417326,8.191431045532227,6262000
2023-10-25,8.200573265694503,8.246284549441851,8.200573265694503,8.227999687194824,3303500
2023-10-26,8.218857256071312,8.237142118318339,8.218857256071312,8.227999687194824,10190100
2023-10-27,8.227999687194824,8.246284549441851,8.218857256071312,8.227999687194824,9618700
2023-10-30,8.228000196887606,8.237142628577457,8.200573773688324,8.218857765197754,6331100
2023-10-31,8.218858142209907,8.246285438537598,8.209715710100678,8.246285438537598,7999800
2023-11-01,8.228000574319138,8.246285438537598,8.218858142209907,8.246285438537598,3072400
2023-11-02,8.228000574319138,8.264569430885743,8.218858142209907,8.246285438537598,4638000
2023-11-03,8.264569282531738,8.282854146421974,8.25542685058662,8.264569282531738,8990900
2023-11-06,8.264569363358765,8.337707075894393,8.255426931324235,8.328564643859863,9292100
2023-11-07,8.337706861992794,8.383418149122429,8.328564430192811,8.365133285522461,7965100
2023-11-08,8.365132988412478,8.365132988412478,8.328564134381669,8.337706565856934,2564700
2023-11-09,8.328564134381669,8.337706565856934,8.319422574776656,8.337706565856934,3319100
2023-11-10,8.328565304276726,8.337707737036208,8.255427585941613,8.301138877868652,2550200
2023-11-14,8.301138219626578,8.346849507928923,8.282854227427825,8.328564643859863,2876000
2023-11-15,8.346848932121551,8.374275354462824,8.328564069313872,8.35599136352539,12278700
2023-11-16,8.35599136352539,8.365132923058985,8.31028007837644,8.35599136352539,9223500
2023-11-17,8.355991428807465,8.374275419887743,8.328564134381669,8.337706565856934,8253300
2023-11-20,8.337707075894393,8.337707075894393,8.31028065166111,8.328564643859863,3004800
2023-11-21,8.337707075894393,8.355991939963454,8.31028065166111,8.328564643859863,7807600
2023-11-22,8.328563326907192,8.337705757496078,8.301136907010706,8.319421768188477,5590200
2023-11-23,8.319423232063297,8.346849656785702,8.301138367668147,8.310280799865723,10776700
2023-11-24,8.310280799865723,8.337707224588126,8.301138367668147,8.310280799865723,6451100
2023-11-27,8.310280503945975,8.319422935817999,8.282854080200195,8.282854080200195,2295500
2023-11-28,8.282853635910435,8.346848911841331,8.264568773147182,8.273711204528809,7021100
2023-11-29,8.273711714476857,8.310280570387029,8.246285290511802,8.264569282531738,5286400
2023-11-30,8.255426173633285,8.264568604828716,8.191430899005736,8.209714889526367,17499800
2023-12-01,8.209714824947797,8.273710970942172,8.209714824947797,8.227999687194824,5534500
2023-12-04,8.227999687194824,8.26456853981866,8.227999687194824,8.227999687194824,3433400
2023-12-05,8.24628499448313,8.255426554229782,8.209715268015454,8.237142562866211,6046500
2023-12-06,8.237142118318339,8.26456853981866,8.218857256071312,8.227999687194824,9132000
2023-12-07,8.228000131249292,8.255426554229782,8.209715268015454,8.237142562866211,5578600
2023-12-08,8.237142858566683,8.291995706496794,8.218857994676448,8.264569282531738,3680200
2023-12-11,8.264568773147182,8.282853635910435,8.255426341765556,8.273711204528809,3501100
2023-12-12,8.282853489173517,8.30113747974261,8.273711057953856,8.29199504852295,10430500
2023-12-13,8.30113747974261,8.30113747974261,8.282853489173517,8.29199504852295,17272900
2023-12-14,8.282853635910435,8.301137626803444,8.264568773147182,8.273711204528809,12189400
2023-12-15,8.273710970942172,8.29199496131898,8.227999687194824,8.227999687194824,12959300
2023-12-18,8.227999687194824,8.26456853981866,8.218857256071312,8.227999687194824,14454300
2023-12-19,8.246284614308083,8.255426173633285,8.200573330201165,8.209714889526367,8844000
2023-12-20,8.228000344896254,8.237142776750563,8.182289057494994,8.200573921203613,10544500
2023-12-21,8.200572428309142,8.209713986628964,8.118292300339833,8.127434730529785,14900400
2023-12-22,8.136576288849607,8.145718719039559,8.118292300339833,8.127434730529785,9499000
2023-12-26,8.127434730529785,8.164003579419465,8.127434730529785,8.127434730529785,4446800
2023-12-27,8.136577606201172,8.154862469541484,8.127436046401288,8.136577606201172,9111900
2023-12-28,8.154861959296362,8.164004390394481,8.12743553787222,8.145719528198242,10363900
2023-12-29,8.145718719039559,8.209713986628964,8.127434730529785,8.127434730529785,18460900
2024-01-02,8.127435980950299,8.154862403869629,8.072582263241372,8.154862403869629,6414300
2024-01-03,8.15486114922951,8.164003579419465,8.118292300339833,8.127434730529785,8678500
2024-01-04,8.136577413572807,8.273711269767782,8.136577413572807,8.255426406860352,5560000
2024-01-05,8.255426784584124,8.291995640201927,8.228000360838344,8.282854080200195,4495500
2024-01-08,8.282854080200195,8.310280503945975,8.282854080200195,8.282854080200195,5330400
2024-01-09,8.301136907010706,8.337705757496078,8.282852917703105,8.319421768188477,6138900
2024-01-10,8.310279823566008,8.310279823566008,8.227999687194824,8.227999687194824,6162000
2024-01-11,8.237142118318339,8.273710970942172,8.218857256071312,8.227999687194824,7170600
2024-01-12,8.228000360838344,8.282854080200195,8.200573937092566,8.282854080200195,4583000
2024-01-15,8.282854884220061,8.310281310628135,8.255427585941613,8.301138877868652,2119300
2024-01-16,8.310280503945975,8.32856449581973,8.282854080200195,8.282854080200195,4671600
2024-01-17,8.282853635910435,8.301137626803444,8.246284782254174,8.273711204528809,6297800
2024-01-18,8.273711862994974,8.291995855343119,8.209715710100678,8.246285438537598,21155600
2024-01-19,8.246284847276886,8.264568838314066,8.227999984369456,8.255426406860352,3936200
2024-01-22,8.255426554229782,8.2645689858467,8.209715268015454,8.237142562866211,7647700
2024-01-23,8.24628551822334,8.319423232063297,8.24628551822334,8.310280799865723,8965400
2024-01-24,8.31027933759959,8.319421768188477,8.291994476421822,8.319421768188477,2691000
2024-01-26,8.31942250978028,8.35599136352539,8.31028007837644,8.35599136352539,11712600
2024-01-29,8.355991302425474,8.447413000184644,8.355991302425474,8.438270568847656,9102600
2024-01-30,8.438271012701161,8.456555876336925,8.429129452753566,8.447413444519043,10320800
2024-01-31,8.44741242707972,8.465697288513184,8.410843576082975,8.465697288513184,25319200
2024-02-02,8.465698764442525,8.547978911497657,8.45655633213188,8.538836479187012,7897900
2024-02-05,8.511409168355277,8.566262012770018,8.502266736996072,8.520550727844238,6688200
2024-02-06,8.520550364946784,8.520550364946784,8.47483995383809,8.511408805847168,12713500
2024-02-07,8.511409825984206,8.529693818245073,8.46569853752657,8.493124961853027,11263600
2024-02-08,8.483981278076465,8.52055012907321,8.465697288513184,8.465697288513184,6242500
2024-02-09,8.483981278076465,8.483981278076465,8.44741242707972,8.465697288513184,1872900
2024-02-13,8.502267050242931,8.639400038202384,8.46569819532906,8.630257606506348,8227000
2024-02-14,8.602831396766655,8.630257820665074,8.575404972868236,8.59368896484375,9920200
2024-02-15,8.59368896484375,8.63940025258798,8.557120109022426,8.59368896484375,14681500
2024-02-16,8.611974205860285,8.630258198636566,8.59368934121367,8.621116638183594,9230300
2024-02-19,8.621115981165392,8.648542404174805,8.602831117912274,8.648542404174805,5441400
2024-02-20,8.64854168537113,8.7216793885644,8.639399254504422,8.694252967834473,11376500
2024-02-21,8.68511134223009,8.71253776550293,8.666826478801347,8.71253776550293,10354100
2024-02-22,8.71253740296957,8.72167983430352,8.685110980837958,8.70339584350586,9020000
2024-02-23,8.703396205658834,8.721680197217301,8.68511134223009,8.71253776550293,11030500
2024-02-26,8.703395398701181,8.703395398701181,8.66682567523435,8.694252967834473,10318700
2024-02-27,8.694252967834473,8.712536957697692,8.675968106101058,8.694252967834473,12318900
2024-02-28,8.685110536967764,8.730821819431108,8.675968106101058,8.694252967834473,15098000
2024-02-29,8.71253776550293,8.730822628931673,8.68511134223009,8.71253776550293,25877300
2024-03-01,8.712537234016255,8.776533380242654,8.621115538060321,8.639399528503418,13831100
2024-03-04,8.639400217824488,8.776534080505371,8.611973794036428,8.776534080505371,22934200
2024-03-05,8.776533424757716,8.803959846496582,8.666825994061796,8.803959846496582,16190000
2024-03-06,8.794817858839751,8.822244281961806,8.749106572389481,8.813102722167969,12203500
2024-03-07,8.82224392323314,8.895381629831553,8.803959932518655,8.867955207824707,12851700
2024-03-08,8.867955439373569,8.931951588220842,8.8405290166506,8.913666725158691,13304100
2024-03-11,8.913665862032262,8.9776611328125,8.913665862032262,8.9776611328125,14310100
2024-03-12,8.977662530089484,9.005089826295642,8.941093673684914,8.986804962158203,13954200
2024-03-13,8.986804795353848,9.08120346069336,8.94904424890487,9.08120346069336,14597000
2024-03-14,9.071763173955913,9.109522819519043,8.986804646634592,9.109522819519043,16668600
2024-03-15,9.100083337956198,9.194481999188246,9.06232369341119,9.166162490844727,28950100
2024-03-18,9.16616262662417,9.251122053174186,9.1189628451785,9.203922271728516,9478200
2024-03-19,9.20392238355735,9.222802656469396,9.071763173955913,9.109522819519043,15660900
2024-03-20,9.109522546615313,9.118962682788528,9.015123885665972,9.034003257751465,8926900
2024-03-21,9.034003693981019,9.043443830610075,8.986804811357699,9.015124320983887,13260300
2024-03-22,9.015124455050895,9.052884101867676,8.99624418151201,9.052884101867676,11088500
2024-03-25,9.052883951117604,9.08120346069336,9.005684168317359,9.08120346069336,8437900
2024-03-26,9.081203444755051,9.156722736998509,9.052883935228998,9.147282600402832,12421500
2024-03-27,9.147282465082174,9.156722601538197,9.109522819519043,9.109522819519043,12331400
2024-03-29,9.109522954281102,9.156722736998509,9.090643581350728,9.147282600402832,11394900
2024-04-01,9.147282218441752,9.175602627046212,9.137842982501205,9.166162490844727,5896100
2024-04-02,9.17560314481343,9.185042381286621,9.147282734610886,9.185042381286621,9104200
2024-04-03,9.19448239925736,9.19448239925736,9.043443814505359,9.08120346069336,17711600
2024-04-04,9.090643581350728,9.166162873594184,9.081203444755051,9.147282600402832,8919600
2024-04-05,9.137843953366414,9.156723327514317,9.0906441676051,9.10008430480957,8829400
2024-04-08,9.109522954281102,9.156722736998509,9.081203444755051,9.147282600402832,5322100
2024-04-09,9.14728290368144,9.156723040590103,9.0812037458428,9.090643882751465,5053800
2024-04-12,9.09064344686796,9.128403092431089,9.071763173955913,9.109522819519043,20130900
2024-04-15,9.100083583323983,9.118962955975066,9.062323937760853,9.109522819519043,10966600
2024-04-16,9.109523795231803,9.109523795231803,9.043444633483887,9.043444633483887,16712100
2024-04-17,9.04344424979253,9.071763760731386,8.996244464720423,9.062324523925781,8183700
2024-04-18,9.090644015709337,9.156723174514436,9.05288436778342,9.128403663635254,6173800
2024-04-19,9.137843228887114,9.16616273799422,9.109522819519043,9.109522819519043,11014400
2024-04-22,9.109522425760492,9.232241493601382,9.100083189973443,9.19448184967041,10542600
2024-04-23,9.194483067249719,9.288882639708472,9.194483067249719,9.270002365112305,12826500
2024-04-24,9.270001847952283,9.326641768319885,9.241682337898979,9.25112247467041,16388400
2024-04-25,9.25112190293022,9.298321683609336,9.213362258439115,9.2322416305542,20536400
2024-04-26,9.232241916132285,9.260562325572344,9.213362543433211,9.241682052612305,21849500
2024-04-29,9.241681916832862,9.26056218951551,9.185041999045866,9.203922271728516,11487500
2024-04-30,9.213362791489164,9.241682301430718,9.17560314481343,9.185042381286621,18284500
2024-05-02,9.185041849875082,9.25112190293022,9.185041849875082,9.2322416305542,12902000
2024-05-03,9.232242201127546,9.288882121495147,9.222802964617106,9.25112247467041,12570300
2024-05-06,9.251123274668155,9.288882924758186,9.251123274668155,9.27944278717041,7250200
2024-05-07,9.279442118646525,9.317201766016217,9.279442118646525,9.2888822555542,11018700
2024-05-08,9.29832225826658,9.317201631548452,9.213362827845675,9.25112247467041,7482500
2024-05-09,9.251122608184508,9.2888822555542,9.232242334369158,9.2888822555542,5843200
2024-05-10,9.288882104378763,9.32664175113392,9.279441967624726,9.317201614379883,10022700
2024-05-13,9.317201614379883,9.336081887887957,9.288882104378763,9.317201614379883,6357800
2024-05-14,9.317201899395174,9.326642036437988,9.288882388527753,9.326642036437988,8552500
2024-05-15,9.326642036437988,9.3360821734808,9.307761762352362,9.326642036437988,8762600
2024-05-16,9.326642168875361,9.364401817321777,9.307761894521636,9.364401817321777,8935300
2024-05-17,9.364401817321777,9.37384195449864,9.345521542968054,9.364401817321777,14514800
2024-05-20,9.36440085046352,9.439920139559119,9.36440085046352,9.430480003356934,8624900
2024-05-21,9.430480003356934,9.439920139559119,9.40216049501132,9.430480003356934,15707100
2024-05-23,9.439920139559119,9.439920139559119,9.411600631213503,9.430480003356934,12556500
2024-05-24,9.430480671844501,9.439920808715858,9.383280887748722,9.421040534973145,7144100
2024-05-27,9.42103986715475,9.477679784106916,9.42103986715475,9.430480003356934,9859000
2024-05-28,9.439920139559119,9.458800411963487,9.42103986715475,9.430480003356934,14897200
2024-05-29,9.421040265494264,9.421040265494264,9.336081736865212,9.345520973205566,18596100
2024-05-30,9.345520973205566,9.36440124640823,9.336081736865212,9.345520973205566,13482600
2024-05-31,9.392720658451278,9.392720658451278,9.326641503449839,9.373841285705566,44154100
2024-06-04,9.373841026375278,9.496560096740723,9.373841026375278,9.496560096740723,12569300
2024-06-05,9.47768045594028,9.496560729682994,9.41160129836279,9.421040534973145,9305400
2024-06-06,9.430480671844501,9.47768045594028,9.41160129836279,9.421040534973145,17551100
2024-06-07,9.439920425415039,9.458800698391133,9.421040152438946,9.439920425415039,14225900
2024-06-10,9.439920139559119,9.439920139559119,9.42103986715475,9.430480003356934,3362700
2024-06-11,9.439920808715858,9.439920808715858,9.402161161491433,9.421040534973145,7326800
2024-06-12,9.421040016974914,9.43992028967953,9.40216064453125,9.40216064453125,6605100
2024-06-13,9.402161465768195,9.439921114214613,9.354961680144916,9.364401817321777,7110100
2024-06-14,9.36440138087657,9.40216102756313,9.36440138087657,9.383280754089355,6538100
2024-06-18,9.383280521947938,9.430480304203666,9.373841285705566,9.373841285705566,9341600
2024-06-19,9.373841517613458,9.40216102756313,9.373841517613458,9.383280754089355,14041500
2024-06-20,9.383280521947938,9.392720658451278,9.336081639953177,9.373841285705566,11191300
2024-06-21,9.421041094395884,9.421041094395884,9.307762145996094,9.307762145996094,20822100
2024-06-24,9.307761762352362,9.345521410262595,9.270002114442129,9.326642036437988,12314000
2024-06-25,9.326641884856514,9.354961395263672,9.298322374449357,9.354961395263672,7228400
2024-06-26,9.32664135423469,9.40216064453125,9.307761081530073,9.40216064453125,7868600
2024-06-27,9.383280371826633,9.40216064453125,9.345520726678354,9.40216064453125,11688600
2024-06-28,9.40216064453125,9.411600780883559,9.354960863030662,9.40216064453125,19112200
2024-07-01,9.421040302967254,9.421040302967254,9.402160929950474,9.411601066589355,4567700
2024-07-02,9.40216049501132,9.439920139559119,9.40216049501132,9.430480003356934,8972000
2024-07-03,9.430479907538132,9.458800315856934,9.430479907538132,9.458800315856934,6945200
2024-07-04,9.439921258608328,9.534320831298828,9.430481121287068,9.534320831298828,5841700
2024-07-05,9.515439852528665,9.515439852528665,9.430480423446287,9.477680206298828,5166300
2024-07-09,9.477679824256374,9.53431974144848,9.430480043306442,9.496560096740723,15335700
2024-07-10,9.496559960021074,9.51543933197268,9.439920043644399,9.458800315856934,11404600
2024-07-11,9.458800452032966,9.53431974144848,9.458800452032966,9.496560096740723,8715700
2024-07-12,9.477680206298828,9.496560479544236,9.439920560068991,9.477680206298828,13515100
2024-07-15,9.47768009392251,9.609839304290423,9.47768009392251,9.5720796585083,16356600
2024-07-16,9.553200205680302,9.628719503728284,9.51544055665631,9.534320831298828,12165100
2024-07-17,9.534320260695202,9.590959280710972,9.496560613931024,9.515439987182617,6894900
2024-07-18,9.51544055665631,9.57208048032282,9.496561182274837,9.534320831298828,9066900
2024-07-19,9.534320831298828,9.60984012934681,9.51544055665631,9.534320831298828,10604900
2024-07-22,9.53431974144848,9.553199113671887,9.477679824256374,9.496560096740723,7268000
2024-07-23,9.51544055665631,9.57208048032282,9.496561182274837,9.534320831298828,9008600
2024-07-24,9.534320394549761,9.572080041844055,9.515440120772112,9.553199768066406,5658900
2024-07-25,9.515439739704632,9.5720796585083,9.515439739704632,9.5720796585083,2729300
2024-07-26,9.590959031268877,9.590959031268877,9.534320012726177,9.5720796585083,7445100
2024-07-29,9.572079359386901,9.628718376159668,9.572079359386901,9.628718376159668,6957200
2024-07-30,9.666478574239326,9.68535884775191,9.515439987182617,9.515439987182617,14123900
2024-07-31,9.534320279756871,9.647599220275879,9.515440006206541,9.647599220275879,12304400
2024-08-01,9.666477775532776,9.685358047485352,9.647598403841119,9.685358047485352,9399700
2024-08-02,9.666478157043457,9.666478157043457,9.609839139472172,9.666478157043457,14920300
2024-08-05,9.609839396476984,9.62871876941867,9.213362661830836,9.345520973205566,41673600
2024-08-06,9.29832279983362,9.553200205680302,9.25112301348837,9.534320831298828,15941600
2024-08-07,9.534320012726177,9.609839304290423,9.496560366944054,9.5720796585083,8335500
2024-08-08,9.5720796585083,9.609839304290423,9.534320012726177,9.5720796585083,10489900
2024-08-09,9.609839822990821,9.628719196770431,9.55319990112996,9.590959548950195,8868100
2024-08-12,9.609839003989059,9.666478020761826,9.59095873155751,9.628718376159668,8462800
2024-08-13,9.628718376159668,9.647598648591217,9.59095873155751,9.628718376159668,9175400
2024-08-14,9.628718376159668,9.666478020761826,9.609839003989059,9.628718376159668,8837800
2024-08-15,9.628718812418086,9.647599085705064,9.572079793079116,9.60983943939209,8570700
2024-08-16,9.628718131888544,9.685358047485352,9.609838760196887,9.685358047485352,13280600
2024-08-19,9.68535874091206,10.044075831345207,9.628718821260096,10.006316184997559,22478300
2024-08-20,10.006316184997559,10.081835477692856,9.893036345693632,10.006316184997559,14561200
2024-08-21,10.006315913879101,10.025195286410904,9.893036077644464,9.93079662322998,9183300
2024-08-22,9.930797257193548,9.949676630930574,9.817517413727336,9.855277061462402,11791600
2024-08-23,9.855277061462402,9.949676630930574,9.836397687725375,9.855277061462402,16880900
2024-08-26,9.874156272655942,9.987435203668365,9.874156272655942,9.949675559997559,10275400
2024-08-27,9.949676100642359,10.119594956524493,9.930796727911547,10.100714683532715,16528500
2024-08-28,10.119595490199686,10.383913024197073,10.119595490199686,10.251753807067871,27770500
2024-08-29,10.251753709733972,10.32727300444479,10.081835746765137,10.081835746765137,15147400
2024-08-30,10.081834633789022,10.195113563349912,9.987435075691163,10.176233291625977,28703800
2024-09-02,10.176233727129391,10.195113999661327,10.062954792720602,10.157354354858398,9546700
2024-09-03,10.15735460224708,10.213993620700482,10.062955037810125,10.100714683532715,10840000
2024-09-04,10.100715517188345,10.213994463705511,10.081836142899338,10.195115089416504,23271800
2024-09-05,10.195115089416504,10.23287473825556,10.176234814866456,10.195115089416504,17008300
2024-09-06,10.251754112544567,10.289513761383622,10.176234814866456,10.195115089416504,14520600
2024-09-09,10.176234643343834,10.365032884356879,10.100715346938616,10.28951358795166,20533500
2024-09-10,10.346152687892015,10.421671978293631,10.289512769960325,10.327272415161133,35524000
2024-09-11,10.375757709289283,10.49212123825172,10.27878856420815,10.356364250183105,26690300
2024-09-12,10.356364251378185,10.45333339647051,10.278788565394276,10.31757640838623,25908500
2024-09-13,10.31757640838623,10.336969867494647,10.259394181510737,10.31757640838623,16938300
2024-09-17,10.317576869309875,10.375758174009416,10.298182484559918,10.336970329284668,18105900
2024-09-18,10.336969866301805,10.375757709289283,10.317576407195627,10.356364250183105,13326600
2024-09-19,10.375757710486601,10.39515209437014,10.278788565394276,10.31757640838623,15438900
2024-09-20,10.356364252582283,10.395152095578748,10.278788566589355,10.278788566589355,23154900
2024-09-23,10.278789021684617,10.375758171081543,10.20121333225701,10.375758171081543,8581000
2024-09-24,10.375758168175478,10.453333857581358,10.317576863508652,10.414546012878418,4198700
2024-09-25,10.414546015795345,10.433940400539829,10.31757686639842,10.375758171081543,9920100
2024-09-26,10.317576869309875,10.356364714034624,10.278789024585127,10.336970329284668,8842600
2024-09-27,10.33696937296814,10.35636375592384,10.181818008422852,10.181818008422852,9355500
2024-09-30,10.201212855199433,10.24000069809933,10.162424087524414,10.162424087524414,13366600
2024-10-01,10.18181895913596,10.240001188660667,10.143031114377877,10.220606803894043,6397400
2024-10-02,10.201212390714211,10.22060584889357,10.084847942537744,10.143030166625977,8410900
2024-10-03,10.143031114377877,10.220606803894043,10.084848884853171,10.220606803894043,11292800
2024-10-04,10.181818008422852,10.240000232514875,10.12363578433083,10.181818008422852,12419500
2024-10-07,10.181818008422852,10.201212391378553,10.104242326150208,10.181818008422852,7475800
2024-10-08,10.181818471361924,10.181818471361924,10.143030628462025,10.162424087524414,8959300
2024-10-09,10.181818008422852,10.240000232514875,10.181818008422852,10.181818008422852,4743600
2024-10-10,10.220606803894043,10.27878903341875,10.201213343902584,10.220606803894043,6759800
2024-10-11,10.201212881791472,10.259394183905423,10.201212881791472,10.24000072479248,5909600
2024-10-14,10.240001188660667,10.259394648652126,10.18181895913596,10.220606803894043,3022100
2024-10-15,10.220606795110422,10.356364714034624,10.220606795110422,10.336970329284668,12317600
2024-10-16,10.336969868696489,10.336969868696489,10.24000072359289,10.278788566589355,7567800
2024-10-17,10.27878856420815,10.375757709289283,10.27878856420815,10.356364250183105,5079500
2024-10-18,10.317576869309875,10.375758174009416,10.317576869309875,10.336970329284668,6453400
2024-10-21,10.298182484559918,10.336970329284668,10.25939463983517,10.336970329284668,3445100
2024-10-22,10.336970332223569,10.356364716979039,10.298182487487793,10.298182487487793,6057900
2024-10-23,10.298182487487793,10.336970332223569,10.278789027507488,10.298182487487793,7188600
2024-10-24,10.278789030451945,10.317576875198831,10.240001185705056,10.259394645690918,12054000
2024-10-25,10.29818249341021,10.29818249341021,10.18181895913596,10.220606803894043,5831600
2024-10-28,10.220606316497562,10.278788543247698,10.084848403930664,10.084848403930664,13604800
2024-10-29,10.104242325492182,10.162423624805335,10.104242325492182,10.143030166625977,16313400
2024-10-30,10.162423625467152,10.201212391378553,10.104242326150208,10.181818008422852,18351100
2024-11-01,10.18181847358918,10.18181847358918,10.084848403930664,10.084848403930664,15832100
2024-11-04,10.104242786663038,10.181818472471285,10.084848402823415,10.123636245727539,3985100
2024-11-05,10.104243269619795,10.259394648652126,10.104243269619795,10.220606803894043,9613100
2024-11-06,10.259394182703561,10.278788566589355,10.201212880596426,10.278788566589355,7861300
2024-11-07,10.278789030451945,10.317576875198831,10.20121334095817,10.259394645690918,12499600
2024-11-08,10.259393690695497,10.278788073651196,10.181818008422852,10.181818008422852,5558600
2024-11-11,10.181818005739753,10.220605846865855,10.026666641235352,10.026666641235352,6387900
2024-11-12,10.06545494266223,10.162424087524414,10.06545494266223,10.162424087524414,9276500
2024-11-13,10.162423624138437,10.162423624138437,10.06545448369785,10.104242324829102,3269900
2024-11-14,10.123635780983172,10.14303016393246,9.96848441648919,9.987878799438477,10771400
2024-11-15,10.026667103065012,10.046060562133789,9.968484876308441,10.046060562133789,13010100
2024-11-18,10.007272258284761,10.065454482361451,9.94909095898315,10.026666641235352,8958700
2024-11-19,9.98787926351935,10.007272722594664,9.929697036743164,9.929697036743164,11017500
2024-11-20,9.929697040169946,9.949091424027074,9.716364366392261,9.813333511352539,24806300
2024-11-21,9.813333509085936,9.929697037876466,9.813333509085936,9.890909194946289,8807300
2024-11-22,9.890909194946289,9.929697037876466,9.852121352016113,9.890909194946289,8308300
2024-11-25,9.910303117191486,10.104242322808965,9.890908734242197,9.987878799438477,27565700
2024-11-26,9.987878798081175,10.046060097370972,9.910303115844727,9.910303115844727,12043400
2024-11-27,9.929696573333649,9.968484414449208,9.871515274047852,9.871515274047852,18362100
2024-11-28,9.871515735868762,9.910303578798938,9.832727892938586,9.890909194946289,11487500
2024-11-29,9.890909194946289,9.910303578798938,9.852121352016113,9.890909194946289,14264900
2024-12-02,9.89090919838667,9.949091425189733,9.774545669555664,9.774545669555664,8313200
2024-12-03,9.793939591816736,9.871515274047852,9.755151750701177,9.871515274047852,11883800
2024-12-04,9.793939591816736,9.890908732218092,9.793939591816736,9.871515274047852,6372400
2024-12-05,9.890908732898074,9.9296965740163,9.871515274726502,9.910303115844727,4621500
2024-12-06,9.910303579938933,9.910303579938933,9.832727894069656,9.852121353149414,21450600
2024-12-09,9.813333048621644,9.871515272674426,9.793939590454102,9.793939590454102,9903600
2024-12-10,9.793939590454102,9.832727431564264,9.774545207511482,9.793939590454102,14271600
2024-12-11,9.793940052270532,9.832727895209668,9.793940052270532,9.813333511352539,8436000
2024-12-12,9.832727432250977,9.852120890419872,9.793939591138106,9.832727432250977,8949000
2024-12-13,9.852120890419872,9.871515273363848,9.813333049307001,9.832727432250977,7364400
2024-12-16,9.832727895209668,9.852121354291674,9.793940052270532,9.813333511352539,10993700
2024-12-17,9.813333049307001,9.852120890419872,9.793939591138106,9.832727432250977,17866600
2024-12-18,9.832727895209668,9.852121354291674,9.813333511352539,9.813333511352539,8070600
2024-12-19,9.793939589764657,9.813333047930834,9.735757365715973,9.755151748657227,8357800
2024-12-20,9.755152213946314,9.774545673037496,9.658182144165039,9.658182144165039,16617300
2024-12-23,9.68727279173863,9.774545669555664,9.658182140724659,9.774545669555664,7289400
2024-12-24,9.774545669555664,9.813333512499334,9.716364367527722,9.774545669555664,5510500
2024-12-26,9.774545668413403,9.871515738148803,9.755152209331396,9.813333511352539,3892000
2024-12-27,9.813333048621644,9.852120889731806,9.793939590454102,9.793939590454102,2381800
2024-12-30,9.793940048890601,9.929697036743164,9.793940048890601,9.929697036743164,5907300
2024-12-31,9.929697036743164,9.968484879668914,9.8715157347421,9.929697036743164,6723100
2025-01-02,9.890908732218092,9.91030311516341,9.832727432932293,9.871515274047852,5317400
2025-01-03,9.852120890419872,9.871515273363848,9.813333049307001,9.832727432250977,5622100
2025-01-06,9.832727431564264,9.852120889731806,9.774545207511482,9.793939590454102,10345600
2025-01-07,9.793940051135017,9.852121353149414,9.793940051135017,9.852121353149414,8476000
2025-01-08,9.832727430872088,9.852120889038265,9.755151748657227,9.755151748657227,8759200
2025-01-09,9.755152210471392,9.852121355443002,9.755152210471392,9.774545669555664,10233100
2025-01-10,9.793939590454102,9.813333048621644,9.774545207511482,9.793939590454102,2682500
2025-01-13,9.79394005341506,9.813333512499334,9.755152210471392,9.774545669555664,10214700
2025-01-14,9.793940050008409,9.987879264659291,9.793940050008409,9.890909194946289,19973500
2025-01-15,9.968484413758484,9.968484413758484,9.793939591138106,9.832727432250977,11024100
2025-01-16,9.871515273363848,9.910303114476717,9.832727432250977,9.832727432250977,9931100
2025-01-17,9.832727432250977,9.890908731532743,9.774545208194132,9.832727432250977,15633400
2025-01-20,9.83272789070285,9.98787926238828,9.83272789070285,9.968484878540039,8638800
2025-01-21,9.968484878540039,9.98787926238828,9.890909192697325,9.968484878540039,5418900
2025-01-22,9.968484876308441,10.046060562133789,9.949091417239664,10.046060562133789,8926100
2025-01-23,10.046060562133789,10.065454945977686,9.968484876308441,10.046060562133789,9697800
2025-01-24,10.046060561022282,10.084848403930664,10.0072727181139,10.084848403930664,11596300
2025-01-27,10.046060562133789,10.065454945977686,10.007272719221115,10.046060562133789,3223800
2025-01-28,10.046060565520413,10.084848408446163,9.929697036743164,9.929697036743164,3640700
2025-01-31,9.92969657603256,10.046060099410862,9.890908734906459,10.026666641235352,7709000
2025-02-03,10.007272257612685,10.026666640561972,9.929696575365694,9.987878799438477,4994800
2025-02-04,9.968484417822973,10.08484794120903,9.94909095964617,10.065454483032227,10817200
2025-02-05,10.065454482361451,10.084847940536964,10.026666641235352,10.026666641235352,6038400
2025-02-06,10.0266666425666,10.104242324829102,10.007272259613435,10.104242324829102,12903300
2025-02-07,10.104242324829102,10.123635783007186,10.084847941875937,10.104242324829102,6398400
2025-02-10,10.104242325492182,10.143030166625977,10.065454484358385,10.143030166625977,6433900
2025-02-12,10.162424112824839,10.278788566589355,10.143030653714169,10.278788566589355,11945900
2025-02-13,10.278788569006778,10.317576412012365,10.181818499105251,10.201212882995605,6888700
2025-02-14,10.181818497903407,10.24000072479248,10.16242411401534,10.24000072479248,5132600
2025-02-17,10.24000072479248,10.24000072479248,10.16242411401534,10.24000072479248,3827600
2025-02-18,10.18181895913596,10.220606803894043,10.046061040095088,10.220606803894043,12645300
2025-02-19,10.181818008422852,10.220605849559174,10.14303016728653,10.181818008422852,11660500
2025-02-20,10.143030629567162,10.181818472471285,10.084848402823415,10.123636245727539,8891800
2025-02-21,10.12363578433083,10.220605849559174,10.104242326150208,10.181818008422852,11116300
2025-02-24,10.162424087524414,10.22060631426182,10.123636244624516,10.162424087524414,7864000
2025-02-25,10.181818007759773,10.201212390714211,10.12363578367154,10.143030166625977,8278900
2025-02-26,10.143031102798725,10.433940400539829,10.143031102798725,10.375758171081543,12926700
2025-02-27,10.375758174009416,10.395152558759372,10.317576869309875,10.336970329284668,7396500
2025-02-28,10.356364248996945,10.414545551083936,10.317576406013908,10.39515209197998,28644300
2025-03-03,10.356364250183105,10.414545552276762,10.317576407195627,10.356364250183105,7335000
2025-03-04,10.317576409585818,10.356364252582283,10.259394182703561,10.278788566589355,10536900
2025-03-05,10.278789030451945,10.336970335184692,10.240001185705056,10.259394645690918,9949000
2025-03-06,10.29818202690643,10.356364253795505,10.220606340904414,10.24000072479248,8011300
2025-03-07,10.220606338518783,10.31757640838623,10.220606338518783,10.31757640838623,13601100
2025-03-10,10.317576875198831,10.317576875198831,10.220606800944031,10.259394645690918,10654600
2025-03-11,10.24000072479248,10.278788567793487,10.123636271014332,10.24000072479248,19060800
2025-03-12,10.220000267028809,10.220000267028809,10.100000381469727,10.180000305175781,18772300
2025-03-13,10.180000305175781,10.319999694824219,10.140000343322754,10.300000190734863,11848700
2025-03-14,10.260000228881836,10.399999618530273,10.199999809265137,10.319999694824219,12181600
2025-03-17,10.34000015258789,10.4399995803833,10.319999694824219,10.420000076293945,12164200
2025-03-19,10.399999618530273,10.460000038146973,10.34000015258789,10.359999656677246,14737900
2025-03-20,10.359999656677246,10.399999618530273,10.15999984741211,10.180000305175781,9345500
2025-03-21,10.199999809265137,10.279999732971191,10.180000305175781,10.180000305175781,20309800
2025-03-24,10.180000305175781,10.279999732971191,10.15999984741211,10.15999984741211,7825900
2025-03-25,10.199999809265137,10.279999732971191,10.15999984741211,10.220000267028809,10897000
2025-03-26,10.220000267028809,10.300000190734863,10.180000305175781,10.180000305175781,14890200
2025-03-27,10.180000305175781,10.399999618530273,10.180000305175781,10.359999656677246,12466300
2025-03-28,10.359999656677246,10.420000076293945,10.119999885559082,10.119999885559082,14794700
2025-04-02,10.180000305175781,10.34000015258789,10.180000305175781,10.319999694824219,11658100
2025-04-03,10.260000228881836,10.279999732971191,10.199999809265137,10.260000228881836,3435200
2025-04-04,10.199999809265137,10.260000228881836,10.15999984741211,10.239999771118164,11496600
2025-04-07,10.119999885559082,10.140000343322754,9.869999885559082,10.0,32825100
2025-04-08,10.0,10.020000457763672,9.880000114440918,9.880000114440918,23089300
2025-04-09,9.869999885559082,9.880000114440918,9.319999694824219,9.5,33584300
2025-04-10,9.979999542236328,10.079999923706055,9.880000114440918,9.989999771118164,15033600
2025-04-11,9.850000381469727,9.899999618530273,9.720000267028809,9.819999694824219,10373900
2025-04-14,9.899999618530273,9.979999542236328,9.850000381469727,9.890000343322754,10707000
2025-04-15,9.899999618530273,9.960000038146973,9.899999618530273,9.9399995803833,6780200
2025-04-16,9.9399995803833,9.960000038146973,9.8100004196167,9.84000015258789,6038900
2025-04-17,9.84000015258789,9.890000343322754,9.8100004196167,9.869999885559082,5321100
2025-04-18,9.869999885559082,10.0600004196167,9.869999885559082,10.020000457763672,5759800
2025-04-21,10.039999961853027,10.039999961853027,9.970000267028809,9.979999542236328,3345700
2025-04-22,9.970000267028809,9.970000267028809,9.899999618530273,9.949999809265137,6512000
2025-04-23,9.989999771118164,10.0,9.90999984741211,9.949999809265137,7732300
2025-04-24,9.949999809265137,9.989999771118164,9.930000305175781,9.949999809265137,9293800
2025-04-25,9.960000038146973,9.970000267028809,9.869999885559082,9.869999885559082,9179100
2025-04-28,9.90999984741211,9.989999771118164,9.899999618530273,9.989999771118164,10079900
2025-04-29,9.989999771118164,10.0,9.949999809265137,9.949999809265137,6401100
2025-04-30,9.989999771118164,10.0,9.9399995803833,9.989999771118164,13948400
2025-05-02,9.989999771118164,10.039999961853027,9.960000038146973,9.989999771118164,18469500
2025-05-05,10.020000457763672,10.0600004196167,9.989999771118164,10.0,6860500
2025-05-06,10.0,10.020000457763672,9.949999809265137,9.960000038146973,5588400
2025-05-07,9.979999542236328,10.020000457763672,9.960000038146973,10.0,16094000
2025-05-08,10.0,10.0600004196167,9.880000114440918,9.880000114440918,12018800
2025-05-09,9.930000305175781,9.9399995803833,9.890000343322754,9.890000343322754,8175900
2025-05-13,9.979999542236328,10.239999771118164,9.979999542236328,10.199999809265137,33513000
2025-05-14,10.220000267028809,10.279999732971191,10.119999885559082,10.199999809265137,16646600
2025-05-15,10.199999809265137,10.220000267028809,10.079999923706055,10.100000381469727,10899600
2025-05-16,10.100000381469727,10.180000305175781,10.079999923706055,10.140000343322754,6301900
2025-05-19,10.140000343322754,10.15999984741211,10.079999923706055,10.140000343322754,7294200
2025-05-20,10.140000343322754,10.180000305175781,10.0,10.039999961853027,8251600
2025-05-21,10.039999961853027,10.0600004196167,9.979999542236328,10.0,9415900
2025-05-22,10.0,10.020000457763672,9.819999694824219,9.819999694824219,11412000
2025-05-23,9.880000114440918,9.890000343322754,9.859999656677246,9.880000114440918,10907900
2025-05-26,9.899999618530273,9.9399995803833,9.850000381469727,9.920000076293945,7002100
2025-05-27,9.920000076293945,9.9399995803833,9.850000381469727,9.850000381469727,10954400
2025-05-28,9.869999885559082,9.890000343322754,9.819999694824219,9.84000015258789,8025100
2025-05-29,9.850000381469727,9.890000343322754,9.819999694824219,9.869999885559082,8959200
2025-05-30,9.890000343322754,9.899999618530273,9.779999732971191,9.779999732971191,29844200
2025-06-03,9.800000190734863,9.84000015258789,9.699999809265137,9.760000228881836,10002900
2025-06-04,9.760000228881836,9.779999732971191,9.710000038146973,9.720000267028809,8806600
2025-06-05,9.729999542236328,9.739999771118164,9.6899995803833,9.699999809265137,8953900
2025-06-06,9.6899995803833,9.710000038146973,9.680000305175781,9.699999809265137,5942700
2025-06-09,9.710000038146973,9.720000267028809,9.680000305175781,9.680000305175781,4156400
2025-06-10,9.6899995803833,9.699999809265137,9.649999618530273,9.65999984741211,9601600
2025-06-11,9.65999984741211,9.760000228881836,9.65999984741211,9.699999809265137,7224400
2025-06-12,9.699999809265137,9.819999694824219,9.6899995803833,9.770000457763672,9934800
2025-06-13,9.75,9.760000228881836,9.680000305175781,9.699999809265137,6997700
2025-06-16,9.6899995803833,9.699999809265137,9.569999694824219,9.59000015258789,14727400
2025-06-17,9.600000381469727,9.630000114440918,9.529999732971191,9.550000190734863,10413500
2025-06-18,9.550000190734863,9.640000343322754,9.550000190734863,9.619999885559082,8598600
2025-06-19,9.640000343322754,9.649999618530273,9.569999694824219,9.600000381469727,3742600
2025-06-20,9.609999656677246,9.6899995803833,9.59000015258789,9.65999984741211,13607700
2025-06-23,9.600000381469727,9.6899995803833,9.579999923706055,9.670000076293945,5298600
2025-06-24,9.670000076293945,9.84000015258789,9.649999618530273,9.800000190734863,22349600
2025-06-25,9.829999923706055,9.890000343322754,9.720000267028809,9.789999961853027,6881000
2025-06-26,9.789999961853027,9.8100004196167,9.760000228881836,9.8100004196167,13716700
2025-06-30,9.819999694824219,9.829999923706055,9.699999809265137,9.699999809265137,16988600
2025-07-01,9.699999809265137,9.760000228881836,9.6899995803833,9.720000267028809,9735300
2025-07-02,9.720000267028809,9.8100004196167,9.710000038146973,9.760000228881836,10304200
2025-07-03,9.760000228881836,9.800000190734863,9.710000038146973,9.800000190734863,8090300
2025-07-04,9.800000190734863,9.8100004196167,9.739999771118164,9.739999771118164,7461200
2025-07-07,9.75,9.760000228881836,9.699999809265137,9.720000267028809,7229900
2025-07-08,9.699999809265137,9.710000038146973,9.670000076293945,9.699999809265137,9821300
2025-07-09,9.699999809265137,9.720000267028809,9.680000305175781,9.699999809265137,9677500
2025-07-10,9.699999809265137,9.729999542236328,9.670000076293945,9.729999542236328,14117500
2025-07-11,9.729999542236328,9.739999771118164,9.649999618530273,9.6899995803833,14116200
2025-07-14,9.710000038146973,9.75,9.699999809265137,9.720000267028809,4294400
2025-07-15,9.720000267028809,9.739999771118164,9.630000114440918,9.649999618530273,11533300
2025-07-16,9.640000343322754,9.680000305175781,9.529999732971191,9.529999732971191,12695100
2025-07-17,9.550000190734863,9.600000381469727,9.510000228881836,9.529999732971191,7431600
2025-07-18,9.550000190734863,9.59000015258789,9.520000457763672,9.520000457763672,15598200
2025-07-21,9.539999961853027,9.600000381469727,9.510000228881836,9.520000457763672,8019000
2025-07-22,9.520000457763672,9.579999923706055,9.510000228881836,9.529999732971191,13305100
2025-07-23,9.539999961853027,9.619999885559082,9.539999961853027,9.59000015258789,14928700
2025-07-24,9.619999885559082,9.640000343322754,9.550000190734863,9.630000114440918,16109900
2025-07-25,9.630000114440918,9.630000114440918,9.539999961853027,9.539999961853027,11782100
2025-07-28,9.5600004196167,9.630000114440918,9.529999732971191,9.539999961853027,8810800
2025-07-29,9.539999961853027,9.630000114440918,9.520000457763672,9.520000457763672,10407600
2025-07-30,9.520000457763672,9.529999732971191,9.4399995803833,9.449999809265137,17662900
2025-07-31,9.449999809265137,9.489999771118164,9.390000343322754,9.390000343322754,24319000
2025-08-01,9.40999984741211,9.630000114440918,9.399999618530273,9.600000381469727,9626900
2025-08-04,9.600000381469727,9.600000381469727,9.539999961853027,9.539999961853027,5851200
2025-08-05,9.579999923706055,9.680000305175781,9.5600004196167,9.65999984741211,15631100
2025-08-06,9.680000305175781,9.680000305175781,9.619999885559082,9.630000114440918,13104300
2025-08-07,9.630000114440918,9.670000076293945,9.609999656677246,9.630000114440918,9314400
2025-08-08,9.649999618530273,9.65999984741211,9.59000015258789,9.609999656677246,10712700
2025-08-11,9.609999656677246,9.729999542236328,9.609999656677246,9.649999618530273,17908700
2025-08-12,9.649999618530273,9.800000190734863,9.649999618530273,9.710000038146973,16886500
2025-08-13,9.729999542236328,9.890000343322754,9.720000267028809,9.859999656677246,12018300
2025-08-14,9.899999618530273,9.979999542236328,9.829999923706055,9.84000015258789,11253900
2025-08-15,9.930000305175781,9.930000305175781,9.789999961853027,9.800000190734863,7456100
2025-08-18,9.800000190734863,9.819999694824219,9.779999732971191,9.779999732971191,10610600
2025-08-19,9.789999961853027,9.850000381469727,9.789999961853027,9.800000190734863,14476700
2025-08-20,9.8100004196167,9.850000381469727,9.779999732971191,9.800000190734863,15305500
2025-08-21,9.8100004196167,9.850000381469727,9.779999732971191,9.779999732971191,15263300
2025-08-22,9.8100004196167,9.880000114440918,9.800000190734863,9.800000190734863,20549800
2025-08-25,9.850000381469727,9.899999618530273,9.829999923706055,9.850000381469727,17724500
2025-08-26,9.850000381469727,9.880000114440918,9.75,9.75,81816700
2025-08-27,9.779999732971191,9.829999923706055,9.720000267028809,9.789999961853027,7930800
2025-08-28,9.829999923706055,9.979999542236328,9.829999923706055,9.949999809265137,11065300
2025-08-29,9.949999809265137,9.949999809265137,9.859999656677246,9.899999618530273,15268300
